category,dish_name,price,veg_nonveg,image_filename,image_prompt
BreakFast,Idly,12.00,Veg,images/dishes/idly.jpg,"Idly, served on a dark slate plate with small brass bowls of chutney and sambar in the background, professional restaurant food photography, warm cinematic lighting, dark charcoal-black moody backdrop, shallow depth of field, subtle gold and deep red accent props in frame, steam or garnish detail for freshness, rustic dark ceramic or brass serveware, 45-degree angle, high-end editorial food styling, consistent single-shoot look"
BreakFast,Uzhunu Vada,12.00,Veg,images/dishes/uzhunu-vada.jpg,"Uzhunu Vada, served on a dark slate plate with small brass bowls of chutney and sambar in the background, professional restaurant food photography, warm cinematic lighting, dark charcoal-black moody backdrop, shallow depth of field, subtle gold and deep red accent props in frame, steam or garnish detail for freshness, rustic dark ceramic or brass serveware, 45-degree angle, high-end editorial food styling, consistent single-shoot look"
BreakFast,Masala Dosa,80.00,Veg,images/dishes/masala-dosa.jpg,"Masala Dosa, served on a dark slate plate with small brass bowls of chutney and sambar in the background, professional restaurant food photography, warm cinematic lighting, dark charcoal-black moody backdrop, shallow depth of field, subtle gold and deep red accent props in frame, steam or garnish detail for freshness, rustic dark ceramic or brass serveware, 45-degree angle, high-end editorial food styling, consistent single-shoot look"
BreakFast,Dosa,10.00,Veg,images/dishes/dosa.jpg,"Dosa, served on a dark slate plate with small brass bowls of chutney and sambar in the background, professional restaurant food photography, warm cinematic lighting, dark charcoal-black moody backdrop, shallow depth of field, subtle gold and deep red accent props in frame, steam or garnish detail for freshness, rustic dark ceramic or brass serveware, 45-degree angle, high-end editorial food styling, consistent single-shoot look"
BreakFast,Appam,12.00,Veg,images/dishes/appam.jpg,"Appam, served on a dark slate plate with small brass bowls of chutney and sambar in the background, professional restaurant food photography, warm cinematic lighting, dark charcoal-black moody backdrop, shallow depth of field, subtle gold and deep red accent props in frame, steam or garnish detail for freshness, rustic dark ceramic or brass serveware, 45-degree angle, high-end editorial food styling, consistent single-shoot look"
BreakFast,Porotta,12.00,Veg,images/dishes/porotta.jpg,"Porotta, served on a dark slate plate with small brass bowls of chutney and sambar in the background, professional restaurant food photography, warm cinematic lighting, dark charcoal-black moody backdrop, shallow depth of field, subtle gold and deep red accent props in frame, steam or garnish detail for freshness, rustic dark ceramic or brass serveware, 45-degree angle, high-end editorial food styling, consistent single-shoot look"
BreakFast,Idiyappam,12.00,Veg,images/dishes/idiyappam.jpg,"Idiyappam, served on a dark slate plate with small brass bowls of chutney and sambar in the background, professional restaurant food photography, warm cinematic lighting, dark charcoal-black moody backdrop, shallow depth of field, subtle gold and deep red accent props in frame, steam or garnish detail for freshness, rustic dark ceramic or brass serveware, 45-degree angle, high-end editorial food styling, consistent single-shoot look"
BreakFast,Chappathi,10.00,Veg,images/dishes/chappathi.jpg,"Chappathi, served on a dark slate plate with small brass bowls of chutney and sambar in the background, professional restaurant food photography, warm cinematic lighting, dark charcoal-black moody backdrop, shallow depth of field, subtle gold and deep red accent props in frame, steam or garnish detail for freshness, rustic dark ceramic or brass serveware, 45-degree angle, high-end editorial food styling, consistent single-shoot look"
BreakFast,Aripathiri,08.00,Veg,images/dishes/aripathiri.jpg,"Aripathiri, served on a dark slate plate with small brass bowls of chutney and sambar in the background, professional restaurant food photography, warm cinematic lighting, dark charcoal-black moody backdrop, shallow depth of field, subtle gold and deep red accent props in frame, steam or garnish detail for freshness, rustic dark ceramic or brass serveware, 45-degree angle, high-end editorial food styling, consistent single-shoot look"
BreakFast,Puttu,40.00,Veg,images/dishes/puttu.jpg,"Puttu, served on a dark slate plate with small brass bowls of chutney and sambar in the background, professional restaurant food photography, warm cinematic lighting, dark charcoal-black moody backdrop, shallow depth of field, subtle gold and deep red accent props in frame, steam or garnish detail for freshness, rustic dark ceramic or brass serveware, 45-degree angle, high-end editorial food styling, consistent single-shoot look"
BreakFast,Plain Dosa,40.00,Veg,images/dishes/plain-dosa.jpg,"Plain Dosa, served on a dark slate plate with small brass bowls of chutney and sambar in the background, professional restaurant food photography, warm cinematic lighting, dark charcoal-black moody backdrop, shallow depth of field, subtle gold and deep red accent props in frame, steam or garnish detail for freshness, rustic dark ceramic or brass serveware, 45-degree angle, high-end editorial food styling, consistent single-shoot look"
BreakFast,Ghee Roast,70.00,Veg,images/dishes/ghee-roast.jpg,"Ghee Roast, served on a dark slate plate with small brass bowls of chutney and sambar in the background, professional restaurant food photography, warm cinematic lighting, dark charcoal-black moody backdrop, shallow depth of field, subtle gold and deep red accent props in frame, steam or garnish detail for freshness, rustic dark ceramic or brass serveware, 45-degree angle, high-end editorial food styling, consistent single-shoot look"
BreakFast,Special Kizhi Porotta,160.00,Veg,images/dishes/special-kizhi-porotta.jpg,"Special Kizhi Porotta, served on a dark slate plate with small brass bowls of chutney and sambar in the background, professional restaurant food photography, warm cinematic lighting, dark charcoal-black moody backdrop, shallow depth of field, subtle gold and deep red accent props in frame, steam or garnish detail for freshness, rustic dark ceramic or brass serveware, 45-degree angle, high-end editorial food styling, consistent single-shoot look"
BreakFast,Nool Porotta,18.00,Veg,images/dishes/nool-porotta.jpg,"Nool Porotta, served on a dark slate plate with small brass bowls of chutney and sambar in the background, professional restaurant food photography, warm cinematic lighting, dark charcoal-black moody backdrop, shallow depth of field, subtle gold and deep red accent props in frame, steam or garnish detail for freshness, rustic dark ceramic or brass serveware, 45-degree angle, high-end editorial food styling, consistent single-shoot look"
BreakFast,Kothu Porotta Egg,150.00,Egg,images/dishes/kothu-porotta-egg.jpg,"Kothu Porotta Egg, served on a dark slate plate with small brass bowls of chutney and sambar in the background, professional restaurant food photography, warm cinematic lighting, dark charcoal-black moody backdrop, shallow depth of field, subtle gold and deep red accent props in frame, steam or garnish detail for freshness, rustic dark ceramic or brass serveware, 45-degree angle, high-end editorial food styling, consistent single-shoot look"
BreakFast,Kothu Porotta Chicken,190.00,Non-Veg,images/dishes/kothu-porotta-chicken.jpg,"Kothu Porotta Chicken, served on a dark slate plate with small brass bowls of chutney and sambar in the background, professional restaurant food photography, warm cinematic lighting, dark charcoal-black moody backdrop, shallow depth of field, subtle gold and deep red accent props in frame, steam or garnish detail for freshness, rustic dark ceramic or brass serveware, 45-degree angle, high-end editorial food styling, consistent single-shoot look"
BreakFast,Kothu Porotta Beef,220.00,Non-Veg,images/dishes/kothu-porotta-beef.jpg,"Kothu Porotta Beef, served on a dark slate plate with small brass bowls of chutney and sambar in the background, professional restaurant food photography, warm cinematic lighting, dark charcoal-black moody backdrop, shallow depth of field, subtle gold and deep red accent props in frame, steam or garnish detail for freshness, rustic dark ceramic or brass serveware, 45-degree angle, high-end editorial food styling, consistent single-shoot look"
BreakFast,Kizhi Porotta Chicken,200.00,Non-Veg,images/dishes/kizhi-porotta-chicken.jpg,"Kizhi Porotta Chicken, served on a dark slate plate with small brass bowls of chutney and sambar in the background, professional restaurant food photography, warm cinematic lighting, dark charcoal-black moody backdrop, shallow depth of field, subtle gold and deep red accent props in frame, steam or garnish detail for freshness, rustic dark ceramic or brass serveware, 45-degree angle, high-end editorial food styling, consistent single-shoot look"
BreakFast,Kizhi Porotta Beef,250.00,Non-Veg,images/dishes/kizhi-porotta-beef.jpg,"Kizhi Porotta Beef, served on a dark slate plate with small brass bowls of chutney and sambar in the background, professional restaurant food photography, warm cinematic lighting, dark charcoal-black moody backdrop, shallow depth of field, subtle gold and deep red accent props in frame, steam or garnish detail for freshness, rustic dark ceramic or brass serveware, 45-degree angle, high-end editorial food styling, consistent single-shoot look"
BreakFast,Pazhankanji,100.00,Veg,images/dishes/pazhankanji.jpg,"Pazhankanji, served on a dark slate plate with small brass bowls of chutney and sambar in the background, professional restaurant food photography, warm cinematic lighting, dark charcoal-black moody backdrop, shallow depth of field, subtle gold and deep red accent props in frame, steam or garnish detail for freshness, rustic dark ceramic or brass serveware, 45-degree angle, high-end editorial food styling, consistent single-shoot look"
BreakFast,Puttu + Pothu Roast Combo,210.00,Veg,images/dishes/puttu-pothu-roast-combo.jpg,"Puttu + Pothu Roast Combo, served on a dark slate plate with small brass bowls of chutney and sambar in the background, professional restaurant food photography, warm cinematic lighting, dark charcoal-black moody backdrop, shallow depth of field, subtle gold and deep red accent props in frame, steam or garnish detail for freshness, rustic dark ceramic or brass serveware, 45-degree angle, high-end editorial food styling, consistent single-shoot look"
BreakFast,Porotta + Poth Variyellu Curry,299.00,Veg,images/dishes/porotta-poth-variyellu-curry.jpg,"Porotta + Poth Variyellu Curry, served on a dark slate plate with small brass bowls of chutney and sambar in the background, professional restaurant food photography, warm cinematic lighting, dark charcoal-black moody backdrop, shallow depth of field, subtle gold and deep red accent props in frame, steam or garnish detail for freshness, rustic dark ceramic or brass serveware, 45-degree angle, high-end editorial food styling, consistent single-shoot look"
BreakFast,Appam + Nadan Kozhi Curry,240.00,Veg,images/dishes/appam-nadan-kozhi-curry.jpg,"Appam + Nadan Kozhi Curry, served on a dark slate plate with small brass bowls of chutney and sambar in the background, professional restaurant food photography, warm cinematic lighting, dark charcoal-black moody backdrop, shallow depth of field, subtle gold and deep red accent props in frame, steam or garnish detail for freshness, rustic dark ceramic or brass serveware, 45-degree angle, high-end editorial food styling, consistent single-shoot look"
BreakFast,Puttu + Mutton + Kattan Combo,339.00,Non-Veg,images/dishes/puttu-mutton-kattan-combo.jpg,"Puttu + Mutton + Kattan Combo, served on a dark slate plate with small brass bowls of chutney and sambar in the background, professional restaurant food photography, warm cinematic lighting, dark charcoal-black moody backdrop, shallow depth of field, subtle gold and deep red accent props in frame, steam or garnish detail for freshness, rustic dark ceramic or brass serveware, 45-degree angle, high-end editorial food styling, consistent single-shoot look"
BreakFast,Aripathiri + Duck Roast Combo,279.00,Non-Veg,images/dishes/aripathiri-duck-roast-combo.jpg,"Aripathiri + Duck Roast Combo, served on a dark slate plate with small brass bowls of chutney and sambar in the background, professional restaurant food photography, warm cinematic lighting, dark charcoal-black moody backdrop, shallow depth of field, subtle gold and deep red accent props in frame, steam or garnish detail for freshness, rustic dark ceramic or brass serveware, 45-degree angle, high-end editorial food styling, consistent single-shoot look"
Kerala Curries,Egg Roast,40.00,Egg,images/dishes/egg-roast.jpg,"Egg Roast, served in a traditional dark clay or brass curry bowl, garnished with curry leaves, professional restaurant food photography, warm cinematic lighting, dark charcoal-black moody backdrop, shallow depth of field, subtle gold and deep red accent props in frame, steam or garnish detail for freshness, rustic dark ceramic or brass serveware, 45-degree angle, high-end editorial food styling, consistent single-shoot look"
Kerala Curries,Egg Roast (2pcs),75.00,Egg,images/dishes/egg-roast-2pcs.jpg,"Egg Roast, served in a traditional dark clay or brass curry bowl, garnished with curry leaves, professional restaurant food photography, warm cinematic lighting, dark charcoal-black moody backdrop, shallow depth of field, subtle gold and deep red accent props in frame, steam or garnish detail for freshness, rustic dark ceramic or brass serveware, 45-degree angle, high-end editorial food styling, consistent single-shoot look"
Kerala Curries,Veg Kuruma,70.00,Veg,images/dishes/veg-kuruma.jpg,"Veg Kuruma, served in a traditional dark clay or brass curry bowl, garnished with curry leaves, professional restaurant food photography, warm cinematic lighting, dark charcoal-black moody backdrop, shallow depth of field, subtle gold and deep red accent props in frame, steam or garnish detail for freshness, rustic dark ceramic or brass serveware, 45-degree angle, high-end editorial food styling, consistent single-shoot look"
Kerala Curries,Kadala Curry,70.00,Veg,images/dishes/kadala-curry.jpg,"Kadala Curry, served in a traditional dark clay or brass curry bowl, garnished with curry leaves, professional restaurant food photography, warm cinematic lighting, dark charcoal-black moody backdrop, shallow depth of field, subtle gold and deep red accent props in frame, steam or garnish detail for freshness, rustic dark ceramic or brass serveware, 45-degree angle, high-end editorial food styling, consistent single-shoot look"
Kerala Curries,Green Peas Curry,70.00,Veg,images/dishes/green-peas-curry.jpg,"Green Peas Curry, served in a traditional dark clay or brass curry bowl, garnished with curry leaves, professional restaurant food photography, warm cinematic lighting, dark charcoal-black moody backdrop, shallow depth of field, subtle gold and deep red accent props in frame, steam or garnish detail for freshness, rustic dark ceramic or brass serveware, 45-degree angle, high-end editorial food styling, consistent single-shoot look"
Kerala Curries,Beef Curry,160.00,Non-Veg,images/dishes/beef-curry.jpg,"Beef Curry, served in a traditional dark clay or brass curry bowl, garnished with curry leaves, professional restaurant food photography, warm cinematic lighting, dark charcoal-black moody backdrop, shallow depth of field, subtle gold and deep red accent props in frame, steam or garnish detail for freshness, rustic dark ceramic or brass serveware, 45-degree angle, high-end editorial food styling, consistent single-shoot look"
Kerala Curries,Beef Coconut Fry,180.00,Non-Veg,images/dishes/beef-coconut-fry.jpg,"Beef Coconut Fry, served in a traditional dark clay or brass curry bowl, garnished with curry leaves, professional restaurant food photography, warm cinematic lighting, dark charcoal-black moody backdrop, shallow depth of field, subtle gold and deep red accent props in frame, steam or garnish detail for freshness, rustic dark ceramic or brass serveware, 45-degree angle, high-end editorial food styling, consistent single-shoot look"
Kerala Curries,Beef Roast,180.00,Non-Veg,images/dishes/beef-roast.jpg,"Beef Roast, served in a traditional dark clay or brass curry bowl, garnished with curry leaves, professional restaurant food photography, warm cinematic lighting, dark charcoal-black moody backdrop, shallow depth of field, subtle gold and deep red accent props in frame, steam or garnish detail for freshness, rustic dark ceramic or brass serveware, 45-degree angle, high-end editorial food styling, consistent single-shoot look"
Kerala Curries,Beef Chilli,190.00,Non-Veg,images/dishes/beef-chilli.jpg,"Beef Chilli, served in a traditional dark clay or brass curry bowl, garnished with curry leaves, professional restaurant food photography, warm cinematic lighting, dark charcoal-black moody backdrop, shallow depth of field, subtle gold and deep red accent props in frame, steam or garnish detail for freshness, rustic dark ceramic or brass serveware, 45-degree angle, high-end editorial food styling, consistent single-shoot look"
Kerala Curries,Beef Chaps,110.00,Non-Veg,images/dishes/beef-chaps.jpg,"Beef Chaps, served in a traditional dark clay or brass curry bowl, garnished with curry leaves, professional restaurant food photography, warm cinematic lighting, dark charcoal-black moody backdrop, shallow depth of field, subtle gold and deep red accent props in frame, steam or garnish detail for freshness, rustic dark ceramic or brass serveware, 45-degree angle, high-end editorial food styling, consistent single-shoot look"
Kerala Curries,Chicken Curry (Qtr),80.00,Non-Veg,images/dishes/chicken-curry-qtr.jpg,"Chicken Curry, served in a traditional dark clay or brass curry bowl, garnished with curry leaves, professional restaurant food photography, warm cinematic lighting, dark charcoal-black moody backdrop, shallow depth of field, subtle gold and deep red accent props in frame, steam or garnish detail for freshness, rustic dark ceramic or brass serveware, 45-degree angle, high-end editorial food styling, consistent single-shoot look"
Kerala Curries,Chicken Curry (Half),160.00,Non-Veg,images/dishes/chicken-curry-half.jpg,"Chicken Curry, served in a traditional dark clay or brass curry bowl, garnished with curry leaves, professional restaurant food photography, warm cinematic lighting, dark charcoal-black moody backdrop, shallow depth of field, subtle gold and deep red accent props in frame, steam or garnish detail for freshness, rustic dark ceramic or brass serveware, 45-degree angle, high-end editorial food styling, consistent single-shoot look"
Kerala Curries,Chicken Curry (Full),280.00,Non-Veg,images/dishes/chicken-curry-full.jpg,"Chicken Curry, served in a traditional dark clay or brass curry bowl, garnished with curry leaves, professional restaurant food photography, warm cinematic lighting, dark charcoal-black moody backdrop, shallow depth of field, subtle gold and deep red accent props in frame, steam or garnish detail for freshness, rustic dark ceramic or brass serveware, 45-degree angle, high-end editorial food styling, consistent single-shoot look"
Kerala Curries,Poth Variyellu Curry,260.00,Veg,images/dishes/poth-variyellu-curry.jpg,"Poth Variyellu Curry, served in a traditional dark clay or brass curry bowl, garnished with curry leaves, professional restaurant food photography, warm cinematic lighting, dark charcoal-black moody backdrop, shallow depth of field, subtle gold and deep red accent props in frame, steam or garnish detail for freshness, rustic dark ceramic or brass serveware, 45-degree angle, high-end editorial food styling, consistent single-shoot look"
Kerala Curries,Fish Curry,80.00,Non-Veg,images/dishes/fish-curry.jpg,"Fish Curry, served in a traditional dark clay or brass curry bowl, garnished with curry leaves, professional restaurant food photography, warm cinematic lighting, dark charcoal-black moody backdrop, shallow depth of field, subtle gold and deep red accent props in frame, steam or garnish detail for freshness, rustic dark ceramic or brass serveware, 45-degree angle, high-end editorial food styling, consistent single-shoot look"
Kerala Curries,Kakka Roast,130.00,Non-Veg,images/dishes/kakka-roast.jpg,"Kakka Roast, served in a traditional dark clay or brass curry bowl, garnished with curry leaves, professional restaurant food photography, warm cinematic lighting, dark charcoal-black moody backdrop, shallow depth of field, subtle gold and deep red accent props in frame, steam or garnish detail for freshness, rustic dark ceramic or brass serveware, 45-degree angle, high-end editorial food styling, consistent single-shoot look"
Kerala Curries,Kakka Fry,110.00,Non-Veg,images/dishes/kakka-fry.jpg,"Kakka Fry, served in a traditional dark clay or brass curry bowl, garnished with curry leaves, professional restaurant food photography, warm cinematic lighting, dark charcoal-black moody backdrop, shallow depth of field, subtle gold and deep red accent props in frame, steam or garnish detail for freshness, rustic dark ceramic or brass serveware, 45-degree angle, high-end editorial food styling, consistent single-shoot look"
Salad,Arabic Salad,390.00,Veg,images/dishes/arabic-salad.jpg,"Arabic Salad, served in a rustic dark ceramic bowl, fresh crisp vegetables visible, natural side light, professional restaurant food photography, warm cinematic lighting, dark charcoal-black moody backdrop, shallow depth of field, subtle gold and deep red accent props in frame, steam or garnish detail for freshness, rustic dark ceramic or brass serveware, 45-degree angle, high-end editorial food styling, consistent single-shoot look"
Salad,Russian Salad,380.00,Veg,images/dishes/russian-salad.jpg,"Russian Salad, served in a rustic dark ceramic bowl, fresh crisp vegetables visible, natural side light, professional restaurant food photography, warm cinematic lighting, dark charcoal-black moody backdrop, shallow depth of field, subtle gold and deep red accent props in frame, steam or garnish detail for freshness, rustic dark ceramic or brass serveware, 45-degree angle, high-end editorial food styling, consistent single-shoot look"
Salad,Garden Fresh Green Salad,120.00,Veg,images/dishes/garden-fresh-green-salad.jpg,"Garden Fresh Green Salad, served in a rustic dark ceramic bowl, fresh crisp vegetables visible, natural side light, professional restaurant food photography, warm cinematic lighting, dark charcoal-black moody backdrop, shallow depth of field, subtle gold and deep red accent props in frame, steam or garnish detail for freshness, rustic dark ceramic or brass serveware, 45-degree angle, high-end editorial food styling, consistent single-shoot look"
Starter Food Items,Paneer Tikka,180.00,Veg,images/dishes/paneer-tikka.jpg,"Paneer Tikka, plated on a dark slate board with a small ramekin of dip, garnished with coriander, professional restaurant food photography, warm cinematic lighting, dark charcoal-black moody backdrop, shallow depth of field, subtle gold and deep red accent props in frame, steam or garnish detail for freshness, rustic dark ceramic or brass serveware, 45-degree angle, high-end editorial food styling, consistent single-shoot look"
Starter Food Items,Paneer 65,170.00,Veg,images/dishes/paneer-65.jpg,"Paneer 65, plated on a dark slate board with a small ramekin of dip, garnished with coriander, professional restaurant food photography, warm cinematic lighting, dark charcoal-black moody backdrop, shallow depth of field, subtle gold and deep red accent props in frame, steam or garnish detail for freshness, rustic dark ceramic or brass serveware, 45-degree angle, high-end editorial food styling, consistent single-shoot look"
Starter Food Items,Chilly Paneer Dry,180.00,Veg,images/dishes/chilly-paneer-dry.jpg,"Chilly Paneer Dry, plated on a dark slate board with a small ramekin of dip, garnished with coriander, professional restaurant food photography, warm cinematic lighting, dark charcoal-black moody backdrop, shallow depth of field, subtle gold and deep red accent props in frame, steam or garnish detail for freshness, rustic dark ceramic or brass serveware, 45-degree angle, high-end editorial food styling, consistent single-shoot look"
Starter Food Items,Baby Corn Schezwan Dry,190.00,Veg,images/dishes/baby-corn-schezwan-dry.jpg,"Baby Corn Schezwan Dry, plated on a dark slate board with a small ramekin of dip, garnished with coriander, professional restaurant food photography, warm cinematic lighting, dark charcoal-black moody backdrop, shallow depth of field, subtle gold and deep red accent props in frame, steam or garnish detail for freshness, rustic dark ceramic or brass serveware, 45-degree angle, high-end editorial food styling, consistent single-shoot look"
Starter Food Items,Chicken Manchurian Qtr,180.00,Non-Veg,images/dishes/chicken-manchurian-qtr.jpg,"Chicken Manchurian, plated on a dark slate board with a small ramekin of dip, garnished with coriander, professional restaurant food photography, warm cinematic lighting, dark charcoal-black moody backdrop, shallow depth of field, subtle gold and deep red accent props in frame, steam or garnish detail for freshness, rustic dark ceramic or brass serveware, 45-degree angle, high-end editorial food styling, consistent single-shoot look"
Starter Food Items,Chicken Manchurian Half,360.00,Non-Veg,images/dishes/chicken-manchurian-half.jpg,"Chicken Manchurian, plated on a dark slate board with a small ramekin of dip, garnished with coriander, professional restaurant food photography, warm cinematic lighting, dark charcoal-black moody backdrop, shallow depth of field, subtle gold and deep red accent props in frame, steam or garnish detail for freshness, rustic dark ceramic or brass serveware, 45-degree angle, high-end editorial food styling, consistent single-shoot look"
Starter Food Items,Chicken Manchurian Full,720.00,Non-Veg,images/dishes/chicken-manchurian-full.jpg,"Chicken Manchurian, plated on a dark slate board with a small ramekin of dip, garnished with coriander, professional restaurant food photography, warm cinematic lighting, dark charcoal-black moody backdrop, shallow depth of field, subtle gold and deep red accent props in frame, steam or garnish detail for freshness, rustic dark ceramic or brass serveware, 45-degree angle, high-end editorial food styling, consistent single-shoot look"
Starter Food Items,Chicken 65 Boneless,220.00,Non-Veg,images/dishes/chicken-65-boneless.jpg,"Chicken 65 Boneless, plated on a dark slate board with a small ramekin of dip, garnished with coriander, professional restaurant food photography, warm cinematic lighting, dark charcoal-black moody backdrop, shallow depth of field, subtle gold and deep red accent props in frame, steam or garnish detail for freshness, rustic dark ceramic or brass serveware, 45-degree angle, high-end editorial food styling, consistent single-shoot look"
Starter Food Items,Chicken 65 Bone,180.00,Non-Veg,images/dishes/chicken-65-bone.jpg,"Chicken 65 Bone, plated on a dark slate board with a small ramekin of dip, garnished with coriander, professional restaurant food photography, warm cinematic lighting, dark charcoal-black moody backdrop, shallow depth of field, subtle gold and deep red accent props in frame, steam or garnish detail for freshness, rustic dark ceramic or brass serveware, 45-degree angle, high-end editorial food styling, consistent single-shoot look"
Starter Food Items,Chicken Tikka,260.00,Non-Veg,images/dishes/chicken-tikka.jpg,"Chicken Tikka, plated on a dark slate board with a small ramekin of dip, garnished with coriander, professional restaurant food photography, warm cinematic lighting, dark charcoal-black moody backdrop, shallow depth of field, subtle gold and deep red accent props in frame, steam or garnish detail for freshness, rustic dark ceramic or brass serveware, 45-degree angle, high-end editorial food styling, consistent single-shoot look"
Starter Food Items,Chicken Malai Tikka,320.00,Non-Veg,images/dishes/chicken-malai-tikka.jpg,"Chicken Malai Tikka, plated on a dark slate board with a small ramekin of dip, garnished with coriander, professional restaurant food photography, warm cinematic lighting, dark charcoal-black moody backdrop, shallow depth of field, subtle gold and deep red accent props in frame, steam or garnish detail for freshness, rustic dark ceramic or brass serveware, 45-degree angle, high-end editorial food styling, consistent single-shoot look"
Starter Food Items,Chicken Salt & Pepper Bl,220.00,Non-Veg,images/dishes/chicken-salt-pepper-bl.jpg,"Chicken Salt & Pepper Bl, plated on a dark slate board with a small ramekin of dip, garnished with coriander, professional restaurant food photography, warm cinematic lighting, dark charcoal-black moody backdrop, shallow depth of field, subtle gold and deep red accent props in frame, steam or garnish detail for freshness, rustic dark ceramic or brass serveware, 45-degree angle, high-end editorial food styling, consistent single-shoot look"
Starter Food Items,Hariyali Chicken Kabab,330.00,Non-Veg,images/dishes/hariyali-chicken-kabab.jpg,"Hariyali Chicken Kabab, plated on a dark slate board with a small ramekin of dip, garnished with coriander, professional restaurant food photography, warm cinematic lighting, dark charcoal-black moody backdrop, shallow depth of field, subtle gold and deep red accent props in frame, steam or garnish detail for freshness, rustic dark ceramic or brass serveware, 45-degree angle, high-end editorial food styling, consistent single-shoot look"
Starter Food Items,Sheek Kabab,360.00,Veg,images/dishes/sheek-kabab.jpg,"Sheek Kabab, plated on a dark slate board with a small ramekin of dip, garnished with coriander, professional restaurant food photography, warm cinematic lighting, dark charcoal-black moody backdrop, shallow depth of field, subtle gold and deep red accent props in frame, steam or garnish detail for freshness, rustic dark ceramic or brass serveware, 45-degree angle, high-end editorial food styling, consistent single-shoot look"
Starter Food Items,Thandoori Chicken Qtr,160.00,Non-Veg,images/dishes/thandoori-chicken-qtr.jpg,"Thandoori Chicken, plated on a dark slate board with a small ramekin of dip, garnished with coriander, professional restaurant food photography, warm cinematic lighting, dark charcoal-black moody backdrop, shallow depth of field, subtle gold and deep red accent props in frame, steam or garnish detail for freshness, rustic dark ceramic or brass serveware, 45-degree angle, high-end editorial food styling, consistent single-shoot look"
Starter Food Items,Thandoori Chicken Half,320.00,Non-Veg,images/dishes/thandoori-chicken-half.jpg,"Thandoori Chicken, plated on a dark slate board with a small ramekin of dip, garnished with coriander, professional restaurant food photography, warm cinematic lighting, dark charcoal-black moody backdrop, shallow depth of field, subtle gold and deep red accent props in frame, steam or garnish detail for freshness, rustic dark ceramic or brass serveware, 45-degree angle, high-end editorial food styling, consistent single-shoot look"
Starter Food Items,Thandoori Chicken Full,630.00,Non-Veg,images/dishes/thandoori-chicken-full.jpg,"Thandoori Chicken, plated on a dark slate board with a small ramekin of dip, garnished with coriander, professional restaurant food photography, warm cinematic lighting, dark charcoal-black moody backdrop, shallow depth of field, subtle gold and deep red accent props in frame, steam or garnish detail for freshness, rustic dark ceramic or brass serveware, 45-degree angle, high-end editorial food styling, consistent single-shoot look"
Starter Food Items,Dragon Chicken,240.00,Non-Veg,images/dishes/dragon-chicken.jpg,"Dragon Chicken, plated on a dark slate board with a small ramekin of dip, garnished with coriander, professional restaurant food photography, warm cinematic lighting, dark charcoal-black moody backdrop, shallow depth of field, subtle gold and deep red accent props in frame, steam or garnish detail for freshness, rustic dark ceramic or brass serveware, 45-degree angle, high-end editorial food styling, consistent single-shoot look"
Starter Food Items,Chilli Chicken,160.00,Non-Veg,images/dishes/chilli-chicken.jpg,"Chilli Chicken, plated on a dark slate board with a small ramekin of dip, garnished with coriander, professional restaurant food photography, warm cinematic lighting, dark charcoal-black moody backdrop, shallow depth of field, subtle gold and deep red accent props in frame, steam or garnish detail for freshness, rustic dark ceramic or brass serveware, 45-degree angle, high-end editorial food styling, consistent single-shoot look"
Starter Food Items,Chicken Kondattam,230.00,Non-Veg,images/dishes/chicken-kondattam.jpg,"Chicken Kondattam, plated on a dark slate board with a small ramekin of dip, garnished with coriander, professional restaurant food photography, warm cinematic lighting, dark charcoal-black moody backdrop, shallow depth of field, subtle gold and deep red accent props in frame, steam or garnish detail for freshness, rustic dark ceramic or brass serveware, 45-degree angle, high-end editorial food styling, consistent single-shoot look"
Starter Food Items,Chicken Loli Pop,220.00,Non-Veg,images/dishes/chicken-loli-pop.jpg,"Chicken Loli Pop, plated on a dark slate board with a small ramekin of dip, garnished with coriander, professional restaurant food photography, warm cinematic lighting, dark charcoal-black moody backdrop, shallow depth of field, subtle gold and deep red accent props in frame, steam or garnish detail for freshness, rustic dark ceramic or brass serveware, 45-degree angle, high-end editorial food styling, consistent single-shoot look"
Starter Food Items,Beef Dry Fry,190.00,Non-Veg,images/dishes/beef-dry-fry.jpg,"Beef Dry Fry, plated on a dark slate board with a small ramekin of dip, garnished with coriander, professional restaurant food photography, warm cinematic lighting, dark charcoal-black moody backdrop, shallow depth of field, subtle gold and deep red accent props in frame, steam or garnish detail for freshness, rustic dark ceramic or brass serveware, 45-degree angle, high-end editorial food styling, consistent single-shoot look"
Starter Food Items,Beef Chilli,180.00,Non-Veg,images/dishes/beef-chilli.jpg,"Beef Chilli, plated on a dark slate board with a small ramekin of dip, garnished with coriander, professional restaurant food photography, warm cinematic lighting, dark charcoal-black moody backdrop, shallow depth of field, subtle gold and deep red accent props in frame, steam or garnish detail for freshness, rustic dark ceramic or brass serveware, 45-degree angle, high-end editorial food styling, consistent single-shoot look"
Starter Food Items,Beef Kondattom,220.00,Non-Veg,images/dishes/beef-kondattom.jpg,"Beef Kondattom, plated on a dark slate board with a small ramekin of dip, garnished with coriander, professional restaurant food photography, warm cinematic lighting, dark charcoal-black moody backdrop, shallow depth of field, subtle gold and deep red accent props in frame, steam or garnish detail for freshness, rustic dark ceramic or brass serveware, 45-degree angle, high-end editorial food styling, consistent single-shoot look"
Starter Food Items,Kada Fry,120.00,Non-Veg,images/dishes/kada-fry.jpg,"Kada Fry, plated on a dark slate board with a small ramekin of dip, garnished with coriander, professional restaurant food photography, warm cinematic lighting, dark charcoal-black moody backdrop, shallow depth of field, subtle gold and deep red accent props in frame, steam or garnish detail for freshness, rustic dark ceramic or brass serveware, 45-degree angle, high-end editorial food styling, consistent single-shoot look"
Starter Food Items,Mutton Fry,350.00,Non-Veg,images/dishes/mutton-fry.jpg,"Mutton Fry, plated on a dark slate board with a small ramekin of dip, garnished with coriander, professional restaurant food photography, warm cinematic lighting, dark charcoal-black moody backdrop, shallow depth of field, subtle gold and deep red accent props in frame, steam or garnish detail for freshness, rustic dark ceramic or brass serveware, 45-degree angle, high-end editorial food styling, consistent single-shoot look"
Starter Food Items,Mutton Liver Fry,320.00,Non-Veg,images/dishes/mutton-liver-fry.jpg,"Mutton Liver Fry, plated on a dark slate board with a small ramekin of dip, garnished with coriander, professional restaurant food photography, warm cinematic lighting, dark charcoal-black moody backdrop, shallow depth of field, subtle gold and deep red accent props in frame, steam or garnish detail for freshness, rustic dark ceramic or brass serveware, 45-degree angle, high-end editorial food styling, consistent single-shoot look"
Starter Food Items,Prawns Dry Fry,220.00,Non-Veg,images/dishes/prawns-dry-fry.jpg,"Prawns Dry Fry, plated on a dark slate board with a small ramekin of dip, garnished with coriander, professional restaurant food photography, warm cinematic lighting, dark charcoal-black moody backdrop, shallow depth of field, subtle gold and deep red accent props in frame, steam or garnish detail for freshness, rustic dark ceramic or brass serveware, 45-degree angle, high-end editorial food styling, consistent single-shoot look"
Starter Food Items,Prawns Tawa Fry,250.00,Non-Veg,images/dishes/prawns-tawa-fry.jpg,"Prawns Tawa Fry, plated on a dark slate board with a small ramekin of dip, garnished with coriander, professional restaurant food photography, warm cinematic lighting, dark charcoal-black moody backdrop, shallow depth of field, subtle gold and deep red accent props in frame, steam or garnish detail for freshness, rustic dark ceramic or brass serveware, 45-degree angle, high-end editorial food styling, consistent single-shoot look"
Starter Food Items,Fish Deep Fry,Per size,Non-Veg,images/dishes/fish-deep-fry.jpg,"Fish Deep Fry, plated on a dark slate board with a small ramekin of dip, garnished with coriander, professional restaurant food photography, warm cinematic lighting, dark charcoal-black moody backdrop, shallow depth of field, subtle gold and deep red accent props in frame, steam or garnish detail for freshness, rustic dark ceramic or brass serveware, 45-degree angle, high-end editorial food styling, consistent single-shoot look"
Starter Food Items,Fish Pollichathu,Per size,Non-Veg,images/dishes/fish-pollichathu.jpg,"Fish Pollichathu, plated on a dark slate board with a small ramekin of dip, garnished with coriander, professional restaurant food photography, warm cinematic lighting, dark charcoal-black moody backdrop, shallow depth of field, subtle gold and deep red accent props in frame, steam or garnish detail for freshness, rustic dark ceramic or brass serveware, 45-degree angle, high-end editorial food styling, consistent single-shoot look"
Starter Food Items,Fish Tawa Fry,Per size,Non-Veg,images/dishes/fish-tawa-fry.jpg,"Fish Tawa Fry, plated on a dark slate board with a small ramekin of dip, garnished with coriander, professional restaurant food photography, warm cinematic lighting, dark charcoal-black moody backdrop, shallow depth of field, subtle gold and deep red accent props in frame, steam or garnish detail for freshness, rustic dark ceramic or brass serveware, 45-degree angle, high-end editorial food styling, consistent single-shoot look"
Starter Food Items,Fried Chicken Full,550.00,Non-Veg,images/dishes/fried-chicken-full.jpg,"Fried Chicken, plated on a dark slate board with a small ramekin of dip, garnished with coriander, professional restaurant food photography, warm cinematic lighting, dark charcoal-black moody backdrop, shallow depth of field, subtle gold and deep red accent props in frame, steam or garnish detail for freshness, rustic dark ceramic or brass serveware, 45-degree angle, high-end editorial food styling, consistent single-shoot look"
Starter Food Items,Fried Chicken Half,290.00,Non-Veg,images/dishes/fried-chicken-half.jpg,"Fried Chicken, plated on a dark slate board with a small ramekin of dip, garnished with coriander, professional restaurant food photography, warm cinematic lighting, dark charcoal-black moody backdrop, shallow depth of field, subtle gold and deep red accent props in frame, steam or garnish detail for freshness, rustic dark ceramic or brass serveware, 45-degree angle, high-end editorial food styling, consistent single-shoot look"
Starter Food Items,Fried Chicken Qtr,150.00,Non-Veg,images/dishes/fried-chicken-qtr.jpg,"Fried Chicken, plated on a dark slate board with a small ramekin of dip, garnished with coriander, professional restaurant food photography, warm cinematic lighting, dark charcoal-black moody backdrop, shallow depth of field, subtle gold and deep red accent props in frame, steam or garnish detail for freshness, rustic dark ceramic or brass serveware, 45-degree angle, high-end editorial food styling, consistent single-shoot look"
Starter Food Items,Cashew Nut With Dragon Paneer,280.00,Veg,images/dishes/cashew-nut-with-dragon-paneer.jpg,"Cashew Nut With Dragon Paneer, plated on a dark slate board with a small ramekin of dip, garnished with coriander, professional restaurant food photography, warm cinematic lighting, dark charcoal-black moody backdrop, shallow depth of field, subtle gold and deep red accent props in frame, steam or garnish detail for freshness, rustic dark ceramic or brass serveware, 45-degree angle, high-end editorial food styling, consistent single-shoot look"
Shawai - Grill,Shawai Full,460.00,Non-Veg,images/dishes/shawai-full.jpg,"Shawai, whole roasted bird on a dark platter with charred grill marks, garnished with lemon wedges, professional restaurant food photography, warm cinematic lighting, dark charcoal-black moody backdrop, shallow depth of field, subtle gold and deep red accent props in frame, steam or garnish detail for freshness, rustic dark ceramic or brass serveware, 45-degree angle, high-end editorial food styling, consistent single-shoot look"
Shawai - Grill,Shawai Half,240.00,Non-Veg,images/dishes/shawai-half.jpg,"Shawai, whole roasted bird on a dark platter with charred grill marks, garnished with lemon wedges, professional restaurant food photography, warm cinematic lighting, dark charcoal-black moody backdrop, shallow depth of field, subtle gold and deep red accent props in frame, steam or garnish detail for freshness, rustic dark ceramic or brass serveware, 45-degree angle, high-end editorial food styling, consistent single-shoot look"
Shawai - Grill,Shawai Qtr,130.00,Non-Veg,images/dishes/shawai-qtr.jpg,"Shawai, whole roasted bird on a dark platter with charred grill marks, garnished with lemon wedges, professional restaurant food photography, warm cinematic lighting, dark charcoal-black moody backdrop, shallow depth of field, subtle gold and deep red accent props in frame, steam or garnish detail for freshness, rustic dark ceramic or brass serveware, 45-degree angle, high-end editorial food styling, consistent single-shoot look"
Shawai - Grill,Masala Shawai Full,490.00,Non-Veg,images/dishes/masala-shawai-full.jpg,"Masala Shawai, whole roasted bird on a dark platter with charred grill marks, garnished with lemon wedges, professional restaurant food photography, warm cinematic lighting, dark charcoal-black moody backdrop, shallow depth of field, subtle gold and deep red accent props in frame, steam or garnish detail for freshness, rustic dark ceramic or brass serveware, 45-degree angle, high-end editorial food styling, consistent single-shoot look"
Shawai - Grill,Masala Shawai Half,260.00,Non-Veg,images/dishes/masala-shawai-half.jpg,"Masala Shawai, whole roasted bird on a dark platter with charred grill marks, garnished with lemon wedges, professional restaurant food photography, warm cinematic lighting, dark charcoal-black moody backdrop, shallow depth of field, subtle gold and deep red accent props in frame, steam or garnish detail for freshness, rustic dark ceramic or brass serveware, 45-degree angle, high-end editorial food styling, consistent single-shoot look"
Shawai - Grill,Masala Shawai Qtr,140.00,Non-Veg,images/dishes/masala-shawai-qtr.jpg,"Masala Shawai, whole roasted bird on a dark platter with charred grill marks, garnished with lemon wedges, professional restaurant food photography, warm cinematic lighting, dark charcoal-black moody backdrop, shallow depth of field, subtle gold and deep red accent props in frame, steam or garnish detail for freshness, rustic dark ceramic or brass serveware, 45-degree angle, high-end editorial food styling, consistent single-shoot look"
Indian Bread,Rumali Rotti,20.00,Veg,images/dishes/rumali-rotti.jpg,"Rumali Rotti, stacked on a dark wooden board, warm steam rising, butter melting on top, professional restaurant food photography, warm cinematic lighting, dark charcoal-black moody backdrop, shallow depth of field, subtle gold and deep red accent props in frame, steam or garnish detail for freshness, rustic dark ceramic or brass serveware, 45-degree angle, high-end editorial food styling, consistent single-shoot look"
Indian Bread,Butter Rumali,25.00,Veg,images/dishes/butter-rumali.jpg,"Butter Rumali, stacked on a dark wooden board, warm steam rising, butter melting on top, professional restaurant food photography, warm cinematic lighting, dark charcoal-black moody backdrop, shallow depth of field, subtle gold and deep red accent props in frame, steam or garnish detail for freshness, rustic dark ceramic or brass serveware, 45-degree angle, high-end editorial food styling, consistent single-shoot look"
Indian Bread,Thandoori Rotti,25.00,Veg,images/dishes/thandoori-rotti.jpg,"Thandoori Rotti, stacked on a dark wooden board, warm steam rising, butter melting on top, professional restaurant food photography, warm cinematic lighting, dark charcoal-black moody backdrop, shallow depth of field, subtle gold and deep red accent props in frame, steam or garnish detail for freshness, rustic dark ceramic or brass serveware, 45-degree angle, high-end editorial food styling, consistent single-shoot look"
Indian Bread,Butter Rotti,30.00,Veg,images/dishes/butter-rotti.jpg,"Butter Rotti, stacked on a dark wooden board, warm steam rising, butter melting on top, professional restaurant food photography, warm cinematic lighting, dark charcoal-black moody backdrop, shallow depth of field, subtle gold and deep red accent props in frame, steam or garnish detail for freshness, rustic dark ceramic or brass serveware, 45-degree angle, high-end editorial food styling, consistent single-shoot look"
Indian Bread,Butter Naan,35.00,Veg,images/dishes/butter-naan.jpg,"Butter Naan, stacked on a dark wooden board, warm steam rising, butter melting on top, professional restaurant food photography, warm cinematic lighting, dark charcoal-black moody backdrop, shallow depth of field, subtle gold and deep red accent props in frame, steam or garnish detail for freshness, rustic dark ceramic or brass serveware, 45-degree angle, high-end editorial food styling, consistent single-shoot look"
Indian Bread,Garlic Naan,40.00,Veg,images/dishes/garlic-naan.jpg,"Garlic Naan, stacked on a dark wooden board, warm steam rising, butter melting on top, professional restaurant food photography, warm cinematic lighting, dark charcoal-black moody backdrop, shallow depth of field, subtle gold and deep red accent props in frame, steam or garnish detail for freshness, rustic dark ceramic or brass serveware, 45-degree angle, high-end editorial food styling, consistent single-shoot look"
Indian Bread,Lechha Porotta,40.00,Veg,images/dishes/lechha-porotta.jpg,"Lechha Porotta, stacked on a dark wooden board, warm steam rising, butter melting on top, professional restaurant food photography, warm cinematic lighting, dark charcoal-black moody backdrop, shallow depth of field, subtle gold and deep red accent props in frame, steam or garnish detail for freshness, rustic dark ceramic or brass serveware, 45-degree angle, high-end editorial food styling, consistent single-shoot look"
Indian Bread,Wheet Porotta,20.00,Veg,images/dishes/wheet-porotta.jpg,"Wheet Porotta, stacked on a dark wooden board, warm steam rising, butter melting on top, professional restaurant food photography, warm cinematic lighting, dark charcoal-black moody backdrop, shallow depth of field, subtle gold and deep red accent props in frame, steam or garnish detail for freshness, rustic dark ceramic or brass serveware, 45-degree angle, high-end editorial food styling, consistent single-shoot look"
Indian Bread,Thandoori Kulcha,30.00,Veg,images/dishes/thandoori-kulcha.jpg,"Thandoori Kulcha, stacked on a dark wooden board, warm steam rising, butter melting on top, professional restaurant food photography, warm cinematic lighting, dark charcoal-black moody backdrop, shallow depth of field, subtle gold and deep red accent props in frame, steam or garnish detail for freshness, rustic dark ceramic or brass serveware, 45-degree angle, high-end editorial food styling, consistent single-shoot look"
Indian Bread,Paneer Kulcha,50.00,Veg,images/dishes/paneer-kulcha.jpg,"Paneer Kulcha, stacked on a dark wooden board, warm steam rising, butter melting on top, professional restaurant food photography, warm cinematic lighting, dark charcoal-black moody backdrop, shallow depth of field, subtle gold and deep red accent props in frame, steam or garnish detail for freshness, rustic dark ceramic or brass serveware, 45-degree angle, high-end editorial food styling, consistent single-shoot look"
Shawarma,Rumali Shawarma,120.00,Non-Veg,images/dishes/rumali-shawarma.jpg,"Rumali Shawarma, wrapped shawarma roll on dark paper wrap, cut in half to show filling, dark backdrop, professional restaurant food photography, warm cinematic lighting, dark charcoal-black moody backdrop, shallow depth of field, subtle gold and deep red accent props in frame, steam or garnish detail for freshness, rustic dark ceramic or brass serveware, 45-degree angle, high-end editorial food styling, consistent single-shoot look"
Shawarma,Mexican Spicy,150.00,Veg,images/dishes/mexican-spicy.jpg,"Mexican Spicy, wrapped shawarma roll on dark paper wrap, cut in half to show filling, dark backdrop, professional restaurant food photography, warm cinematic lighting, dark charcoal-black moody backdrop, shallow depth of field, subtle gold and deep red accent props in frame, steam or garnish detail for freshness, rustic dark ceramic or brass serveware, 45-degree angle, high-end editorial food styling, consistent single-shoot look"
Shawarma,Shawarma Cheese Roll,160.00,Non-Veg,images/dishes/shawarma-cheese-roll.jpg,"Shawarma Cheese Roll, wrapped shawarma roll on dark paper wrap, cut in half to show filling, dark backdrop, professional restaurant food photography, warm cinematic lighting, dark charcoal-black moody backdrop, shallow depth of field, subtle gold and deep red accent props in frame, steam or garnish detail for freshness, rustic dark ceramic or brass serveware, 45-degree angle, high-end editorial food styling, consistent single-shoot look"
Shawarma,Full Meat Chicken Shawarma,180.00,Non-Veg,images/dishes/full-meat-chicken-shawarma.jpg,"Full Meat Chicken Shawarma, wrapped shawarma roll on dark paper wrap, cut in half to show filling, dark backdrop, professional restaurant food photography, warm cinematic lighting, dark charcoal-black moody backdrop, shallow depth of field, subtle gold and deep red accent props in frame, steam or garnish detail for freshness, rustic dark ceramic or brass serveware, 45-degree angle, high-end editorial food styling, consistent single-shoot look"
Shawarma,Shawarma Plate Normal,150.00,Non-Veg,images/dishes/shawarma-plate-normal.jpg,"Shawarma Plate Normal, wrapped shawarma roll on dark paper wrap, cut in half to show filling, dark backdrop, professional restaurant food photography, warm cinematic lighting, dark charcoal-black moody backdrop, shallow depth of field, subtle gold and deep red accent props in frame, steam or garnish detail for freshness, rustic dark ceramic or brass serveware, 45-degree angle, high-end editorial food styling, consistent single-shoot look"
Shawarma,Full Plate Spicy Meat,200.00,Non-Veg,images/dishes/full-plate-spicy-meat.jpg,"Full Plate Spicy Meat, wrapped shawarma roll on dark paper wrap, cut in half to show filling, dark backdrop, professional restaurant food photography, warm cinematic lighting, dark charcoal-black moody backdrop, shallow depth of field, subtle gold and deep red accent props in frame, steam or garnish detail for freshness, rustic dark ceramic or brass serveware, 45-degree angle, high-end editorial food styling, consistent single-shoot look"
Meals,Meals Veg,100.00,Veg,images/dishes/meals-veg.jpg,"Meals Veg, traditional Kerala meal spread on a banana leaf, small bowls of curries and rice, professional restaurant food photography, warm cinematic lighting, dark charcoal-black moody backdrop, shallow depth of field, subtle gold and deep red accent props in frame, steam or garnish detail for freshness, rustic dark ceramic or brass serveware, 45-degree angle, high-end editorial food styling, consistent single-shoot look"
Meals,Meals With Fish Curry,140.00,Non-Veg,images/dishes/meals-with-fish-curry.jpg,"Meals With Fish Curry, traditional Kerala meal spread on a banana leaf, small bowls of curries and rice, professional restaurant food photography, warm cinematic lighting, dark charcoal-black moody backdrop, shallow depth of field, subtle gold and deep red accent props in frame, steam or garnish detail for freshness, rustic dark ceramic or brass serveware, 45-degree angle, high-end editorial food styling, consistent single-shoot look"
Meals,Chatti Choru,200.00,Veg,images/dishes/chatti-choru.jpg,"Chatti Choru, traditional Kerala meal spread on a banana leaf, small bowls of curries and rice, professional restaurant food photography, warm cinematic lighting, dark charcoal-black moody backdrop, shallow depth of field, subtle gold and deep red accent props in frame, steam or garnish detail for freshness, rustic dark ceramic or brass serveware, 45-degree angle, high-end editorial food styling, consistent single-shoot look"
Meals,Veg Biriyani,100.00,Veg,images/dishes/veg-biriyani.jpg,"Veg Biriyani, traditional Kerala meal spread on a banana leaf, small bowls of curries and rice, professional restaurant food photography, warm cinematic lighting, dark charcoal-black moody backdrop, shallow depth of field, subtle gold and deep red accent props in frame, steam or garnish detail for freshness, rustic dark ceramic or brass serveware, 45-degree angle, high-end editorial food styling, consistent single-shoot look"
Meals,Egg Biriyani,120.00,Egg,images/dishes/egg-biriyani.jpg,"Egg Biriyani, traditional Kerala meal spread on a banana leaf, small bowls of curries and rice, professional restaurant food photography, warm cinematic lighting, dark charcoal-black moody backdrop, shallow depth of field, subtle gold and deep red accent props in frame, steam or garnish detail for freshness, rustic dark ceramic or brass serveware, 45-degree angle, high-end editorial food styling, consistent single-shoot look"
Meals,Chicken Dum Biriyani,160.00,Non-Veg,images/dishes/chicken-dum-biriyani.jpg,"Chicken Dum Biriyani, traditional Kerala meal spread on a banana leaf, small bowls of curries and rice, professional restaurant food photography, warm cinematic lighting, dark charcoal-black moody backdrop, shallow depth of field, subtle gold and deep red accent props in frame, steam or garnish detail for freshness, rustic dark ceramic or brass serveware, 45-degree angle, high-end editorial food styling, consistent single-shoot look"
Meals,Beef Dum Biriyani,180.00,Non-Veg,images/dishes/beef-dum-biriyani.jpg,"Beef Dum Biriyani, traditional Kerala meal spread on a banana leaf, small bowls of curries and rice, professional restaurant food photography, warm cinematic lighting, dark charcoal-black moody backdrop, shallow depth of field, subtle gold and deep red accent props in frame, steam or garnish detail for freshness, rustic dark ceramic or brass serveware, 45-degree angle, high-end editorial food styling, consistent single-shoot look"
Meals,Hydarabadi Chicken Dum Biriyani,340.00,Non-Veg,images/dishes/hydarabadi-chicken-dum-biriyani.jpg,"Hydarabadi Chicken Dum Biriyani, traditional Kerala meal spread on a banana leaf, small bowls of curries and rice, professional restaurant food photography, warm cinematic lighting, dark charcoal-black moody backdrop, shallow depth of field, subtle gold and deep red accent props in frame, steam or garnish detail for freshness, rustic dark ceramic or brass serveware, 45-degree angle, high-end editorial food styling, consistent single-shoot look"
Meals,Ghee Rice,110.00,Veg,images/dishes/ghee-rice.jpg,"Ghee Rice, traditional Kerala meal spread on a banana leaf, small bowls of curries and rice, professional restaurant food photography, warm cinematic lighting, dark charcoal-black moody backdrop, shallow depth of field, subtle gold and deep red accent props in frame, steam or garnish detail for freshness, rustic dark ceramic or brass serveware, 45-degree angle, high-end editorial food styling, consistent single-shoot look"
Meals,Biriyani Rice,110.00,Veg,images/dishes/biriyani-rice.jpg,"Biriyani Rice, traditional Kerala meal spread on a banana leaf, small bowls of curries and rice, professional restaurant food photography, warm cinematic lighting, dark charcoal-black moody backdrop, shallow depth of field, subtle gold and deep red accent props in frame, steam or garnish detail for freshness, rustic dark ceramic or brass serveware, 45-degree angle, high-end editorial food styling, consistent single-shoot look"
Meals,White Rice,50.00,Veg,images/dishes/white-rice.jpg,"White Rice, traditional Kerala meal spread on a banana leaf, small bowls of curries and rice, professional restaurant food photography, warm cinematic lighting, dark charcoal-black moody backdrop, shallow depth of field, subtle gold and deep red accent props in frame, steam or garnish detail for freshness, rustic dark ceramic or brass serveware, 45-degree angle, high-end editorial food styling, consistent single-shoot look"
Meals,Boiled Basumathi Rice,100.00,Veg,images/dishes/boiled-basumathi-rice.jpg,"Boiled Basumathi Rice, traditional Kerala meal spread on a banana leaf, small bowls of curries and rice, professional restaurant food photography, warm cinematic lighting, dark charcoal-black moody backdrop, shallow depth of field, subtle gold and deep red accent props in frame, steam or garnish detail for freshness, rustic dark ceramic or brass serveware, 45-degree angle, high-end editorial food styling, consistent single-shoot look"
Meals,Veg Pulavu,120.00,Veg,images/dishes/veg-pulavu.jpg,"Veg Pulavu, traditional Kerala meal spread on a banana leaf, small bowls of curries and rice, professional restaurant food photography, warm cinematic lighting, dark charcoal-black moody backdrop, shallow depth of field, subtle gold and deep red accent props in frame, steam or garnish detail for freshness, rustic dark ceramic or brass serveware, 45-degree angle, high-end editorial food styling, consistent single-shoot look"
Vegetable Curry,Dal Curry,120.00,Veg,images/dishes/dal-curry.jpg,"Dal Curry, served in a brass kadai bowl, garnished with fresh coriander, warm steam visible, professional restaurant food photography, warm cinematic lighting, dark charcoal-black moody backdrop, shallow depth of field, subtle gold and deep red accent props in frame, steam or garnish detail for freshness, rustic dark ceramic or brass serveware, 45-degree angle, high-end editorial food styling, consistent single-shoot look"
Vegetable Curry,Gobi Masala,130.00,Veg,images/dishes/gobi-masala.jpg,"Gobi Masala, served in a brass kadai bowl, garnished with fresh coriander, warm steam visible, professional restaurant food photography, warm cinematic lighting, dark charcoal-black moody backdrop, shallow depth of field, subtle gold and deep red accent props in frame, steam or garnish detail for freshness, rustic dark ceramic or brass serveware, 45-degree angle, high-end editorial food styling, consistent single-shoot look"
Vegetable Curry,Gobi Manchurian,170.00,Veg,images/dishes/gobi-manchurian.jpg,"Gobi Manchurian, served in a brass kadai bowl, garnished with fresh coriander, warm steam visible, professional restaurant food photography, warm cinematic lighting, dark charcoal-black moody backdrop, shallow depth of field, subtle gold and deep red accent props in frame, steam or garnish detail for freshness, rustic dark ceramic or brass serveware, 45-degree angle, high-end editorial food styling, consistent single-shoot look"
Vegetable Curry,Chilli Gobi,190.00,Veg,images/dishes/chilli-gobi.jpg,"Chilli Gobi, served in a brass kadai bowl, garnished with fresh coriander, warm steam visible, professional restaurant food photography, warm cinematic lighting, dark charcoal-black moody backdrop, shallow depth of field, subtle gold and deep red accent props in frame, steam or garnish detail for freshness, rustic dark ceramic or brass serveware, 45-degree angle, high-end editorial food styling, consistent single-shoot look"
Vegetable Curry,Bhindi Fry,150.00,Veg,images/dishes/bhindi-fry.jpg,"Bhindi Fry, served in a brass kadai bowl, garnished with fresh coriander, warm steam visible, professional restaurant food photography, warm cinematic lighting, dark charcoal-black moody backdrop, shallow depth of field, subtle gold and deep red accent props in frame, steam or garnish detail for freshness, rustic dark ceramic or brass serveware, 45-degree angle, high-end editorial food styling, consistent single-shoot look"
Vegetable Curry,Veg Makhani,160.00,Veg,images/dishes/veg-makhani.jpg,"Veg Makhani, served in a brass kadai bowl, garnished with fresh coriander, warm steam visible, professional restaurant food photography, warm cinematic lighting, dark charcoal-black moody backdrop, shallow depth of field, subtle gold and deep red accent props in frame, steam or garnish detail for freshness, rustic dark ceramic or brass serveware, 45-degree angle, high-end editorial food styling, consistent single-shoot look"
Vegetable Curry,Mixed Veg Masala,140.00,Veg,images/dishes/mixed-veg-masala.jpg,"Mixed Veg Masala, served in a brass kadai bowl, garnished with fresh coriander, warm steam visible, professional restaurant food photography, warm cinematic lighting, dark charcoal-black moody backdrop, shallow depth of field, subtle gold and deep red accent props in frame, steam or garnish detail for freshness, rustic dark ceramic or brass serveware, 45-degree angle, high-end editorial food styling, consistent single-shoot look"
Vegetable Curry,Baby Corn Mushroom,220.00,Veg,images/dishes/baby-corn-mushroom.jpg,"Baby Corn Mushroom, served in a brass kadai bowl, garnished with fresh coriander, warm steam visible, professional restaurant food photography, warm cinematic lighting, dark charcoal-black moody backdrop, shallow depth of field, subtle gold and deep red accent props in frame, steam or garnish detail for freshness, rustic dark ceramic or brass serveware, 45-degree angle, high-end editorial food styling, consistent single-shoot look"
Vegetable Curry,Paneer Butter Masala,240.00,Veg,images/dishes/paneer-butter-masala.jpg,"Paneer Butter Masala, served in a brass kadai bowl, garnished with fresh coriander, warm steam visible, professional restaurant food photography, warm cinematic lighting, dark charcoal-black moody backdrop, shallow depth of field, subtle gold and deep red accent props in frame, steam or garnish detail for freshness, rustic dark ceramic or brass serveware, 45-degree angle, high-end editorial food styling, consistent single-shoot look"
Vegetable Curry,Mushroom Masala,190.00,Veg,images/dishes/mushroom-masala.jpg,"Mushroom Masala, served in a brass kadai bowl, garnished with fresh coriander, warm steam visible, professional restaurant food photography, warm cinematic lighting, dark charcoal-black moody backdrop, shallow depth of field, subtle gold and deep red accent props in frame, steam or garnish detail for freshness, rustic dark ceramic or brass serveware, 45-degree angle, high-end editorial food styling, consistent single-shoot look"
Vegetable Curry,Mushroom Kadai,220.00,Veg,images/dishes/mushroom-kadai.jpg,"Mushroom Kadai, served in a brass kadai bowl, garnished with fresh coriander, warm steam visible, professional restaurant food photography, warm cinematic lighting, dark charcoal-black moody backdrop, shallow depth of field, subtle gold and deep red accent props in frame, steam or garnish detail for freshness, rustic dark ceramic or brass serveware, 45-degree angle, high-end editorial food styling, consistent single-shoot look"
Vegetable Curry,Aloo Gobi,110.00,Veg,images/dishes/aloo-gobi.jpg,"Aloo Gobi, served in a brass kadai bowl, garnished with fresh coriander, warm steam visible, professional restaurant food photography, warm cinematic lighting, dark charcoal-black moody backdrop, shallow depth of field, subtle gold and deep red accent props in frame, steam or garnish detail for freshness, rustic dark ceramic or brass serveware, 45-degree angle, high-end editorial food styling, consistent single-shoot look"
Fish Curry,Fish Coconut Curry,160.00,Non-Veg,images/dishes/fish-coconut-curry.jpg,"Fish Coconut Curry, served in a traditional clay pot, garnished with curry leaves and coconut shavings, professional restaurant food photography, warm cinematic lighting, dark charcoal-black moody backdrop, shallow depth of field, subtle gold and deep red accent props in frame, steam or garnish detail for freshness, rustic dark ceramic or brass serveware, 45-degree angle, high-end editorial food styling, consistent single-shoot look"
Fish Curry,Fish Chilli,260.00,Non-Veg,images/dishes/fish-chilli.jpg,"Fish Chilli, served in a traditional clay pot, garnished with curry leaves and coconut shavings, professional restaurant food photography, warm cinematic lighting, dark charcoal-black moody backdrop, shallow depth of field, subtle gold and deep red accent props in frame, steam or garnish detail for freshness, rustic dark ceramic or brass serveware, 45-degree angle, high-end editorial food styling, consistent single-shoot look"
Fish Curry,Fish Varutharachathu,190.00,Non-Veg,images/dishes/fish-varutharachathu.jpg,"Fish Varutharachathu, served in a traditional clay pot, garnished with curry leaves and coconut shavings, professional restaurant food photography, warm cinematic lighting, dark charcoal-black moody backdrop, shallow depth of field, subtle gold and deep red accent props in frame, steam or garnish detail for freshness, rustic dark ceramic or brass serveware, 45-degree angle, high-end editorial food styling, consistent single-shoot look"
Fish Curry,Fish Mulakilittathu,180.00,Non-Veg,images/dishes/fish-mulakilittathu.jpg,"Fish Mulakilittathu, served in a traditional clay pot, garnished with curry leaves and coconut shavings, professional restaurant food photography, warm cinematic lighting, dark charcoal-black moody backdrop, shallow depth of field, subtle gold and deep red accent props in frame, steam or garnish detail for freshness, rustic dark ceramic or brass serveware, 45-degree angle, high-end editorial food styling, consistent single-shoot look"
Fish Curry,Prawns Masala,220.00,Non-Veg,images/dishes/prawns-masala.jpg,"Prawns Masala, served in a traditional clay pot, garnished with curry leaves and coconut shavings, professional restaurant food photography, warm cinematic lighting, dark charcoal-black moody backdrop, shallow depth of field, subtle gold and deep red accent props in frame, steam or garnish detail for freshness, rustic dark ceramic or brass serveware, 45-degree angle, high-end editorial food styling, consistent single-shoot look"
Fish Curry,Prawns Roast,210.00,Non-Veg,images/dishes/prawns-roast.jpg,"Prawns Roast, served in a traditional clay pot, garnished with curry leaves and coconut shavings, professional restaurant food photography, warm cinematic lighting, dark charcoal-black moody backdrop, shallow depth of field, subtle gold and deep red accent props in frame, steam or garnish detail for freshness, rustic dark ceramic or brass serveware, 45-degree angle, high-end editorial food styling, consistent single-shoot look"
Fish Curry,Chilli Prawns,240.00,Non-Veg,images/dishes/chilli-prawns.jpg,"Chilli Prawns, served in a traditional clay pot, garnished with curry leaves and coconut shavings, professional restaurant food photography, warm cinematic lighting, dark charcoal-black moody backdrop, shallow depth of field, subtle gold and deep red accent props in frame, steam or garnish detail for freshness, rustic dark ceramic or brass serveware, 45-degree angle, high-end editorial food styling, consistent single-shoot look"
Fish Curry,Prawn Fry,260.00,Non-Veg,images/dishes/prawn-fry.jpg,"Prawn Fry, served in a traditional clay pot, garnished with curry leaves and coconut shavings, professional restaurant food photography, warm cinematic lighting, dark charcoal-black moody backdrop, shallow depth of field, subtle gold and deep red accent props in frame, steam or garnish detail for freshness, rustic dark ceramic or brass serveware, 45-degree angle, high-end editorial food styling, consistent single-shoot look"
Fish Curry,Kanava Masala,290.00,Non-Veg,images/dishes/kanava-masala.jpg,"Kanava Masala, served in a traditional clay pot, garnished with curry leaves and coconut shavings, professional restaurant food photography, warm cinematic lighting, dark charcoal-black moody backdrop, shallow depth of field, subtle gold and deep red accent props in frame, steam or garnish detail for freshness, rustic dark ceramic or brass serveware, 45-degree angle, high-end editorial food styling, consistent single-shoot look"
Fish Curry,Kanava Roast,260.00,Non-Veg,images/dishes/kanava-roast.jpg,"Kanava Roast, served in a traditional clay pot, garnished with curry leaves and coconut shavings, professional restaurant food photography, warm cinematic lighting, dark charcoal-black moody backdrop, shallow depth of field, subtle gold and deep red accent props in frame, steam or garnish detail for freshness, rustic dark ceramic or brass serveware, 45-degree angle, high-end editorial food styling, consistent single-shoot look"
Fish Curry,Kanava Fry,270.00,Non-Veg,images/dishes/kanava-fry.jpg,"Kanava Fry, served in a traditional clay pot, garnished with curry leaves and coconut shavings, professional restaurant food photography, warm cinematic lighting, dark charcoal-black moody backdrop, shallow depth of field, subtle gold and deep red accent props in frame, steam or garnish detail for freshness, rustic dark ceramic or brass serveware, 45-degree angle, high-end editorial food styling, consistent single-shoot look"
Hot Beverages,Tea,20.00,Veg,images/dishes/tea.jpg,"Tea, served in a ceramic cup on a dark saucer, gentle steam rising, warm light, professional restaurant food photography, warm cinematic lighting, dark charcoal-black moody backdrop, shallow depth of field, subtle gold and deep red accent props in frame, steam or garnish detail for freshness, rustic dark ceramic or brass serveware, 45-degree angle, high-end editorial food styling, consistent single-shoot look"
Hot Beverages,Coffee,25.00,Veg,images/dishes/coffee.jpg,"Coffee, served in a ceramic cup on a dark saucer, gentle steam rising, warm light, professional restaurant food photography, warm cinematic lighting, dark charcoal-black moody backdrop, shallow depth of field, subtle gold and deep red accent props in frame, steam or garnish detail for freshness, rustic dark ceramic or brass serveware, 45-degree angle, high-end editorial food styling, consistent single-shoot look"
Hot Beverages,Lime Tea,20.00,Veg,images/dishes/lime-tea.jpg,"Lime Tea, served in a ceramic cup on a dark saucer, gentle steam rising, warm light, professional restaurant food photography, warm cinematic lighting, dark charcoal-black moody backdrop, shallow depth of field, subtle gold and deep red accent props in frame, steam or garnish detail for freshness, rustic dark ceramic or brass serveware, 45-degree angle, high-end editorial food styling, consistent single-shoot look"
Hot Beverages,Ginger Tea,25.00,Veg,images/dishes/ginger-tea.jpg,"Ginger Tea, served in a ceramic cup on a dark saucer, gentle steam rising, warm light, professional restaurant food photography, warm cinematic lighting, dark charcoal-black moody backdrop, shallow depth of field, subtle gold and deep red accent props in frame, steam or garnish detail for freshness, rustic dark ceramic or brass serveware, 45-degree angle, high-end editorial food styling, consistent single-shoot look"
Hot Beverages,Mint Tea,25.00,Veg,images/dishes/mint-tea.jpg,"Mint Tea, served in a ceramic cup on a dark saucer, gentle steam rising, warm light, professional restaurant food photography, warm cinematic lighting, dark charcoal-black moody backdrop, shallow depth of field, subtle gold and deep red accent props in frame, steam or garnish detail for freshness, rustic dark ceramic or brass serveware, 45-degree angle, high-end editorial food styling, consistent single-shoot look"
Hot Beverages,Cardamom Tea,25.00,Veg,images/dishes/cardamom-tea.jpg,"Cardamom Tea, served in a ceramic cup on a dark saucer, gentle steam rising, warm light, professional restaurant food photography, warm cinematic lighting, dark charcoal-black moody backdrop, shallow depth of field, subtle gold and deep red accent props in frame, steam or garnish detail for freshness, rustic dark ceramic or brass serveware, 45-degree angle, high-end editorial food styling, consistent single-shoot look"
Hot Beverages,Boost,30.00,Veg,images/dishes/boost.jpg,"Boost, served in a ceramic cup on a dark saucer, gentle steam rising, warm light, professional restaurant food photography, warm cinematic lighting, dark charcoal-black moody backdrop, shallow depth of field, subtle gold and deep red accent props in frame, steam or garnish detail for freshness, rustic dark ceramic or brass serveware, 45-degree angle, high-end editorial food styling, consistent single-shoot look"
Hot Beverages,Horlicks,30.00,Veg,images/dishes/horlicks.jpg,"Horlicks, served in a ceramic cup on a dark saucer, gentle steam rising, warm light, professional restaurant food photography, warm cinematic lighting, dark charcoal-black moody backdrop, shallow depth of field, subtle gold and deep red accent props in frame, steam or garnish detail for freshness, rustic dark ceramic or brass serveware, 45-degree angle, high-end editorial food styling, consistent single-shoot look"
Mojitto,Virgin Mojito,120.00,Veg,images/dishes/virgin-mojito.jpg,"Virgin Mojito, tall glass with fresh mint leaves, lime wedges and ice, condensation on the glass, dark bar backdrop, professional restaurant food photography, warm cinematic lighting, dark charcoal-black moody backdrop, shallow depth of field, subtle gold and deep red accent props in frame, steam or garnish detail for freshness, rustic dark ceramic or brass serveware, 45-degree angle, high-end editorial food styling, consistent single-shoot look"
Mojitto,Blue Ocean,130.00,Veg,images/dishes/blue-ocean.jpg,"Blue Ocean, tall glass with fresh mint leaves, lime wedges and ice, condensation on the glass, dark bar backdrop, professional restaurant food photography, warm cinematic lighting, dark charcoal-black moody backdrop, shallow depth of field, subtle gold and deep red accent props in frame, steam or garnish detail for freshness, rustic dark ceramic or brass serveware, 45-degree angle, high-end editorial food styling, consistent single-shoot look"
Mojitto,Water Melon Mojito,120.00,Veg,images/dishes/water-melon-mojito.jpg,"Water Melon Mojito, tall glass with fresh mint leaves, lime wedges and ice, condensation on the glass, dark bar backdrop, professional restaurant food photography, warm cinematic lighting, dark charcoal-black moody backdrop, shallow depth of field, subtle gold and deep red accent props in frame, steam or garnish detail for freshness, rustic dark ceramic or brass serveware, 45-degree angle, high-end editorial food styling, consistent single-shoot look"
Mojitto,Passion Fruit Mojito,130.00,Veg,images/dishes/passion-fruit-mojito.jpg,"Passion Fruit Mojito, tall glass with fresh mint leaves, lime wedges and ice, condensation on the glass, dark bar backdrop, professional restaurant food photography, warm cinematic lighting, dark charcoal-black moody backdrop, shallow depth of field, subtle gold and deep red accent props in frame, steam or garnish detail for freshness, rustic dark ceramic or brass serveware, 45-degree angle, high-end editorial food styling, consistent single-shoot look"
Mojitto,Green Apple Mojito,130.00,Veg,images/dishes/green-apple-mojito.jpg,"Green Apple Mojito, tall glass with fresh mint leaves, lime wedges and ice, condensation on the glass, dark bar backdrop, professional restaurant food photography, warm cinematic lighting, dark charcoal-black moody backdrop, shallow depth of field, subtle gold and deep red accent props in frame, steam or garnish detail for freshness, rustic dark ceramic or brass serveware, 45-degree angle, high-end editorial food styling, consistent single-shoot look"
Mojitto,Spicy Orange Mojito,140.00,Veg,images/dishes/spicy-orange-mojito.jpg,"Spicy Orange Mojito, tall glass with fresh mint leaves, lime wedges and ice, condensation on the glass, dark bar backdrop, professional restaurant food photography, warm cinematic lighting, dark charcoal-black moody backdrop, shallow depth of field, subtle gold and deep red accent props in frame, steam or garnish detail for freshness, rustic dark ceramic or brass serveware, 45-degree angle, high-end editorial food styling, consistent single-shoot look"
Mojitto,Strawberry Mojito,130.00,Veg,images/dishes/strawberry-mojito.jpg,"Strawberry Mojito, tall glass with fresh mint leaves, lime wedges and ice, condensation on the glass, dark bar backdrop, professional restaurant food photography, warm cinematic lighting, dark charcoal-black moody backdrop, shallow depth of field, subtle gold and deep red accent props in frame, steam or garnish detail for freshness, rustic dark ceramic or brass serveware, 45-degree angle, high-end editorial food styling, consistent single-shoot look"
Mojitto,Njaval Pazham Mojito,140.00,Veg,images/dishes/njaval-pazham-mojito.jpg,"Njaval Pazham Mojito, tall glass with fresh mint leaves, lime wedges and ice, condensation on the glass, dark bar backdrop, professional restaurant food photography, warm cinematic lighting, dark charcoal-black moody backdrop, shallow depth of field, subtle gold and deep red accent props in frame, steam or garnish detail for freshness, rustic dark ceramic or brass serveware, 45-degree angle, high-end editorial food styling, consistent single-shoot look"
Mojitto,Mixed Mojito,140.00,Veg,images/dishes/mixed-mojito.jpg,"Mixed Mojito, tall glass with fresh mint leaves, lime wedges and ice, condensation on the glass, dark bar backdrop, professional restaurant food photography, warm cinematic lighting, dark charcoal-black moody backdrop, shallow depth of field, subtle gold and deep red accent props in frame, steam or garnish detail for freshness, rustic dark ceramic or brass serveware, 45-degree angle, high-end editorial food styling, consistent single-shoot look"
Cool Beverages,Cold Coffee Normal,60.00,Veg,images/dishes/cold-coffee-normal.jpg,"Cold Coffee Normal, served in a tall glass with ice, dark moody backdrop, condensation droplets, professional restaurant food photography, warm cinematic lighting, dark charcoal-black moody backdrop, shallow depth of field, subtle gold and deep red accent props in frame, steam or garnish detail for freshness, rustic dark ceramic or brass serveware, 45-degree angle, high-end editorial food styling, consistent single-shoot look"
Cool Beverages,Cold Coffee With Ice Cream,90.00,Veg,images/dishes/cold-coffee-with-ice-cream.jpg,"Cold Coffee With Ice Cream, served in a tall glass with ice, dark moody backdrop, condensation droplets, professional restaurant food photography, warm cinematic lighting, dark charcoal-black moody backdrop, shallow depth of field, subtle gold and deep red accent props in frame, steam or garnish detail for freshness, rustic dark ceramic or brass serveware, 45-degree angle, high-end editorial food styling, consistent single-shoot look"
Cool Beverages,Ice Tea,50.00,Veg,images/dishes/ice-tea.jpg,"Ice Tea, served in a tall glass with ice, dark moody backdrop, condensation droplets, professional restaurant food photography, warm cinematic lighting, dark charcoal-black moody backdrop, shallow depth of field, subtle gold and deep red accent props in frame, steam or garnish detail for freshness, rustic dark ceramic or brass serveware, 45-degree angle, high-end editorial food styling, consistent single-shoot look"
Cool Beverages,Ice Coffee,60.00,Veg,images/dishes/ice-coffee.jpg,"Ice Coffee, served in a tall glass with ice, dark moody backdrop, condensation droplets, professional restaurant food photography, warm cinematic lighting, dark charcoal-black moody backdrop, shallow depth of field, subtle gold and deep red accent props in frame, steam or garnish detail for freshness, rustic dark ceramic or brass serveware, 45-degree angle, high-end editorial food styling, consistent single-shoot look"
Cool Beverages,Badam Milk,60.00,Veg,images/dishes/badam-milk.jpg,"Badam Milk, served in a tall glass with ice, dark moody backdrop, condensation droplets, professional restaurant food photography, warm cinematic lighting, dark charcoal-black moody backdrop, shallow depth of field, subtle gold and deep red accent props in frame, steam or garnish detail for freshness, rustic dark ceramic or brass serveware, 45-degree angle, high-end editorial food styling, consistent single-shoot look"
Cool Beverages,Rose Milk,60.00,Veg,images/dishes/rose-milk.jpg,"Rose Milk, served in a tall glass with ice, dark moody backdrop, condensation droplets, professional restaurant food photography, warm cinematic lighting, dark charcoal-black moody backdrop, shallow depth of field, subtle gold and deep red accent props in frame, steam or garnish detail for freshness, rustic dark ceramic or brass serveware, 45-degree angle, high-end editorial food styling, consistent single-shoot look"
Falooda,Grand Special Falooda,240.00,Veg,images/dishes/grand-special-falooda.jpg,"Grand Special Falooda, layered in a tall glass showing colorful falooda layers with ice cream and nuts on top, professional restaurant food photography, warm cinematic lighting, dark charcoal-black moody backdrop, shallow depth of field, subtle gold and deep red accent props in frame, steam or garnish detail for freshness, rustic dark ceramic or brass serveware, 45-degree angle, high-end editorial food styling, consistent single-shoot look"
Falooda,Royal Falooda,170.00,Veg,images/dishes/royal-falooda.jpg,"Royal Falooda, layered in a tall glass showing colorful falooda layers with ice cream and nuts on top, professional restaurant food photography, warm cinematic lighting, dark charcoal-black moody backdrop, shallow depth of field, subtle gold and deep red accent props in frame, steam or garnish detail for freshness, rustic dark ceramic or brass serveware, 45-degree angle, high-end editorial food styling, consistent single-shoot look"
Falooda,Dry Fruits Falooda,190.00,Veg,images/dishes/dry-fruits-falooda.jpg,"Dry Fruits Falooda, layered in a tall glass showing colorful falooda layers with ice cream and nuts on top, professional restaurant food photography, warm cinematic lighting, dark charcoal-black moody backdrop, shallow depth of field, subtle gold and deep red accent props in frame, steam or garnish detail for freshness, rustic dark ceramic or brass serveware, 45-degree angle, high-end editorial food styling, consistent single-shoot look"
Falooda,Fruits Salad With Ice Cream,140.00,Veg,images/dishes/fruits-salad-with-ice-cream.jpg,"Fruits Salad With Ice Cream, layered in a tall glass showing colorful falooda layers with ice cream and nuts on top, professional restaurant food photography, warm cinematic lighting, dark charcoal-black moody backdrop, shallow depth of field, subtle gold and deep red accent props in frame, steam or garnish detail for freshness, rustic dark ceramic or brass serveware, 45-degree angle, high-end editorial food styling, consistent single-shoot look"
Shakes,Sharjah Shake,60.00,Veg,images/dishes/sharjah-shake.jpg,"Sharjah Shake, served in a tall glass topped with whipped cream and matching garnish, dark backdrop, professional restaurant food photography, warm cinematic lighting, dark charcoal-black moody backdrop, shallow depth of field, subtle gold and deep red accent props in frame, steam or garnish detail for freshness, rustic dark ceramic or brass serveware, 45-degree angle, high-end editorial food styling, consistent single-shoot look"
Shakes,Mango Shake,60.00,Veg,images/dishes/mango-shake.jpg,"Mango Shake, served in a tall glass topped with whipped cream and matching garnish, dark backdrop, professional restaurant food photography, warm cinematic lighting, dark charcoal-black moody backdrop, shallow depth of field, subtle gold and deep red accent props in frame, steam or garnish detail for freshness, rustic dark ceramic or brass serveware, 45-degree angle, high-end editorial food styling, consistent single-shoot look"
Shakes,Apple Shake,80.00,Veg,images/dishes/apple-shake.jpg,"Apple Shake, served in a tall glass topped with whipped cream and matching garnish, dark backdrop, professional restaurant food photography, warm cinematic lighting, dark charcoal-black moody backdrop, shallow depth of field, subtle gold and deep red accent props in frame, steam or garnish detail for freshness, rustic dark ceramic or brass serveware, 45-degree angle, high-end editorial food styling, consistent single-shoot look"
Shakes,Chikku Shake,80.00,Veg,images/dishes/chikku-shake.jpg,"Chikku Shake, served in a tall glass topped with whipped cream and matching garnish, dark backdrop, professional restaurant food photography, warm cinematic lighting, dark charcoal-black moody backdrop, shallow depth of field, subtle gold and deep red accent props in frame, steam or garnish detail for freshness, rustic dark ceramic or brass serveware, 45-degree angle, high-end editorial food styling, consistent single-shoot look"
Shakes,Anar Shake,80.00,Veg,images/dishes/anar-shake.jpg,"Anar Shake, served in a tall glass topped with whipped cream and matching garnish, dark backdrop, professional restaurant food photography, warm cinematic lighting, dark charcoal-black moody backdrop, shallow depth of field, subtle gold and deep red accent props in frame, steam or garnish detail for freshness, rustic dark ceramic or brass serveware, 45-degree angle, high-end editorial food styling, consistent single-shoot look"
Shakes,Tender Coconut Shake,80.00,Veg,images/dishes/tender-coconut-shake.jpg,"Tender Coconut Shake, served in a tall glass topped with whipped cream and matching garnish, dark backdrop, professional restaurant food photography, warm cinematic lighting, dark charcoal-black moody backdrop, shallow depth of field, subtle gold and deep red accent props in frame, steam or garnish detail for freshness, rustic dark ceramic or brass serveware, 45-degree angle, high-end editorial food styling, consistent single-shoot look"
Shakes,Pappaya Shake,60.00,Veg,images/dishes/pappaya-shake.jpg,"Pappaya Shake, served in a tall glass topped with whipped cream and matching garnish, dark backdrop, professional restaurant food photography, warm cinematic lighting, dark charcoal-black moody backdrop, shallow depth of field, subtle gold and deep red accent props in frame, steam or garnish detail for freshness, rustic dark ceramic or brass serveware, 45-degree angle, high-end editorial food styling, consistent single-shoot look"
Shakes,Avacado Shake,90.00,Veg,images/dishes/avacado-shake.jpg,"Avacado Shake, served in a tall glass topped with whipped cream and matching garnish, dark backdrop, professional restaurant food photography, warm cinematic lighting, dark charcoal-black moody backdrop, shallow depth of field, subtle gold and deep red accent props in frame, steam or garnish detail for freshness, rustic dark ceramic or brass serveware, 45-degree angle, high-end editorial food styling, consistent single-shoot look"
Shakes,Snickers Shake,90.00,Veg,images/dishes/snickers-shake.jpg,"Snickers Shake, served in a tall glass topped with whipped cream and matching garnish, dark backdrop, professional restaurant food photography, warm cinematic lighting, dark charcoal-black moody backdrop, shallow depth of field, subtle gold and deep red accent props in frame, steam or garnish detail for freshness, rustic dark ceramic or brass serveware, 45-degree angle, high-end editorial food styling, consistent single-shoot look"
Shakes,Kit Kat Shake,90.00,Veg,images/dishes/kit-kat-shake.jpg,"Kit Kat Shake, served in a tall glass topped with whipped cream and matching garnish, dark backdrop, professional restaurant food photography, warm cinematic lighting, dark charcoal-black moody backdrop, shallow depth of field, subtle gold and deep red accent props in frame, steam or garnish detail for freshness, rustic dark ceramic or brass serveware, 45-degree angle, high-end editorial food styling, consistent single-shoot look"
Shakes,Oreo Shake,60.00,Veg,images/dishes/oreo-shake.jpg,"Oreo Shake, served in a tall glass topped with whipped cream and matching garnish, dark backdrop, professional restaurant food photography, warm cinematic lighting, dark charcoal-black moody backdrop, shallow depth of field, subtle gold and deep red accent props in frame, steam or garnish detail for freshness, rustic dark ceramic or brass serveware, 45-degree angle, high-end editorial food styling, consistent single-shoot look"
Shakes,Dairy Milk Shake,90.00,Veg,images/dishes/dairy-milk-shake.jpg,"Dairy Milk Shake, served in a tall glass topped with whipped cream and matching garnish, dark backdrop, professional restaurant food photography, warm cinematic lighting, dark charcoal-black moody backdrop, shallow depth of field, subtle gold and deep red accent props in frame, steam or garnish detail for freshness, rustic dark ceramic or brass serveware, 45-degree angle, high-end editorial food styling, consistent single-shoot look"
Shakes,Galaxy Shake,90.00,Veg,images/dishes/galaxy-shake.jpg,"Galaxy Shake, served in a tall glass topped with whipped cream and matching garnish, dark backdrop, professional restaurant food photography, warm cinematic lighting, dark charcoal-black moody backdrop, shallow depth of field, subtle gold and deep red accent props in frame, steam or garnish detail for freshness, rustic dark ceramic or brass serveware, 45-degree angle, high-end editorial food styling, consistent single-shoot look"
Shakes,Dates Shake,110.00,Veg,images/dishes/dates-shake.jpg,"Dates Shake, served in a tall glass topped with whipped cream and matching garnish, dark backdrop, professional restaurant food photography, warm cinematic lighting, dark charcoal-black moody backdrop, shallow depth of field, subtle gold and deep red accent props in frame, steam or garnish detail for freshness, rustic dark ceramic or brass serveware, 45-degree angle, high-end editorial food styling, consistent single-shoot look"
Shakes,Mixed Dry Fruits Shake,120.00,Veg,images/dishes/mixed-dry-fruits-shake.jpg,"Mixed Dry Fruits Shake, served in a tall glass topped with whipped cream and matching garnish, dark backdrop, professional restaurant food photography, warm cinematic lighting, dark charcoal-black moody backdrop, shallow depth of field, subtle gold and deep red accent props in frame, steam or garnish detail for freshness, rustic dark ceramic or brass serveware, 45-degree angle, high-end editorial food styling, consistent single-shoot look"
Shakes,Shamam Shake,60.00,Veg,images/dishes/shamam-shake.jpg,"Shamam Shake, served in a tall glass topped with whipped cream and matching garnish, dark backdrop, professional restaurant food photography, warm cinematic lighting, dark charcoal-black moody backdrop, shallow depth of field, subtle gold and deep red accent props in frame, steam or garnish detail for freshness, rustic dark ceramic or brass serveware, 45-degree angle, high-end editorial food styling, consistent single-shoot look"
Shakes,Aval Milk Shake,60.00,Veg,images/dishes/aval-milk-shake.jpg,"Aval Milk Shake, served in a tall glass topped with whipped cream and matching garnish, dark backdrop, professional restaurant food photography, warm cinematic lighting, dark charcoal-black moody backdrop, shallow depth of field, subtle gold and deep red accent props in frame, steam or garnish detail for freshness, rustic dark ceramic or brass serveware, 45-degree angle, high-end editorial food styling, consistent single-shoot look"
Fresh Juice,Orange Juice,60.00,Veg,images/dishes/orange-juice.jpg,"Orange Juice, served in a chilled glass, vibrant fruit color, fresh fruit slice garnish, condensation visible, professional restaurant food photography, warm cinematic lighting, dark charcoal-black moody backdrop, shallow depth of field, subtle gold and deep red accent props in frame, steam or garnish detail for freshness, rustic dark ceramic or brass serveware, 45-degree angle, high-end editorial food styling, consistent single-shoot look"
Fresh Juice,Grape Juice,60.00,Veg,images/dishes/grape-juice.jpg,"Grape Juice, served in a chilled glass, vibrant fruit color, fresh fruit slice garnish, condensation visible, professional restaurant food photography, warm cinematic lighting, dark charcoal-black moody backdrop, shallow depth of field, subtle gold and deep red accent props in frame, steam or garnish detail for freshness, rustic dark ceramic or brass serveware, 45-degree angle, high-end editorial food styling, consistent single-shoot look"
Fresh Juice,Water Melon Juice,50.00,Veg,images/dishes/water-melon-juice.jpg,"Water Melon Juice, served in a chilled glass, vibrant fruit color, fresh fruit slice garnish, condensation visible, professional restaurant food photography, warm cinematic lighting, dark charcoal-black moody backdrop, shallow depth of field, subtle gold and deep red accent props in frame, steam or garnish detail for freshness, rustic dark ceramic or brass serveware, 45-degree angle, high-end editorial food styling, consistent single-shoot look"
Fresh Juice,Apple Juice,60.00,Veg,images/dishes/apple-juice.jpg,"Apple Juice, served in a chilled glass, vibrant fruit color, fresh fruit slice garnish, condensation visible, professional restaurant food photography, warm cinematic lighting, dark charcoal-black moody backdrop, shallow depth of field, subtle gold and deep red accent props in frame, steam or garnish detail for freshness, rustic dark ceramic or brass serveware, 45-degree angle, high-end editorial food styling, consistent single-shoot look"
Fresh Juice,Pineapple Juice,60.00,Veg,images/dishes/pineapple-juice.jpg,"Pineapple Juice, served in a chilled glass, vibrant fruit color, fresh fruit slice garnish, condensation visible, professional restaurant food photography, warm cinematic lighting, dark charcoal-black moody backdrop, shallow depth of field, subtle gold and deep red accent props in frame, steam or garnish detail for freshness, rustic dark ceramic or brass serveware, 45-degree angle, high-end editorial food styling, consistent single-shoot look"
Fresh Juice,Citrus Juice,80.00,Veg,images/dishes/citrus-juice.jpg,"Citrus Juice, served in a chilled glass, vibrant fruit color, fresh fruit slice garnish, condensation visible, professional restaurant food photography, warm cinematic lighting, dark charcoal-black moody backdrop, shallow depth of field, subtle gold and deep red accent props in frame, steam or garnish detail for freshness, rustic dark ceramic or brass serveware, 45-degree angle, high-end editorial food styling, consistent single-shoot look"
Fresh Juice,Cucumber Juice,50.00,Veg,images/dishes/cucumber-juice.jpg,"Cucumber Juice, served in a chilled glass, vibrant fruit color, fresh fruit slice garnish, condensation visible, professional restaurant food photography, warm cinematic lighting, dark charcoal-black moody backdrop, shallow depth of field, subtle gold and deep red accent props in frame, steam or garnish detail for freshness, rustic dark ceramic or brass serveware, 45-degree angle, high-end editorial food styling, consistent single-shoot look"
Fresh Juice,Beetroot Juice,50.00,Veg,images/dishes/beetroot-juice.jpg,"Beetroot Juice, served in a chilled glass, vibrant fruit color, fresh fruit slice garnish, condensation visible, professional restaurant food photography, warm cinematic lighting, dark charcoal-black moody backdrop, shallow depth of field, subtle gold and deep red accent props in frame, steam or garnish detail for freshness, rustic dark ceramic or brass serveware, 45-degree angle, high-end editorial food styling, consistent single-shoot look"
Fresh Juice,Carrot Juice,60.00,Veg,images/dishes/carrot-juice.jpg,"Carrot Juice, served in a chilled glass, vibrant fruit color, fresh fruit slice garnish, condensation visible, professional restaurant food photography, warm cinematic lighting, dark charcoal-black moody backdrop, shallow depth of field, subtle gold and deep red accent props in frame, steam or garnish detail for freshness, rustic dark ceramic or brass serveware, 45-degree angle, high-end editorial food styling, consistent single-shoot look"
Fresh Juice,Mango Juice,60.00,Veg,images/dishes/mango-juice.jpg,"Mango Juice, served in a chilled glass, vibrant fruit color, fresh fruit slice garnish, condensation visible, professional restaurant food photography, warm cinematic lighting, dark charcoal-black moody backdrop, shallow depth of field, subtle gold and deep red accent props in frame, steam or garnish detail for freshness, rustic dark ceramic or brass serveware, 45-degree angle, high-end editorial food styling, consistent single-shoot look"
Fresh Juice,Mixed Fruit Juice,70.00,Veg,images/dishes/mixed-fruit-juice.jpg,"Mixed Fruit Juice, served in a chilled glass, vibrant fruit color, fresh fruit slice garnish, condensation visible, professional restaurant food photography, warm cinematic lighting, dark charcoal-black moody backdrop, shallow depth of field, subtle gold and deep red accent props in frame, steam or garnish detail for freshness, rustic dark ceramic or brass serveware, 45-degree angle, high-end editorial food styling, consistent single-shoot look"
Fresh Juice,Cucumber Kanthari Juice,60.00,Veg,images/dishes/cucumber-kanthari-juice.jpg,"Cucumber Kanthari Juice, served in a chilled glass, vibrant fruit color, fresh fruit slice garnish, condensation visible, professional restaurant food photography, warm cinematic lighting, dark charcoal-black moody backdrop, shallow depth of field, subtle gold and deep red accent props in frame, steam or garnish detail for freshness, rustic dark ceramic or brass serveware, 45-degree angle, high-end editorial food styling, consistent single-shoot look"
Fresh Juice,Fresh Lime,20.00,Veg,images/dishes/fresh-lime.jpg,"Fresh Lime, served in a chilled glass, vibrant fruit color, fresh fruit slice garnish, condensation visible, professional restaurant food photography, warm cinematic lighting, dark charcoal-black moody backdrop, shallow depth of field, subtle gold and deep red accent props in frame, steam or garnish detail for freshness, rustic dark ceramic or brass serveware, 45-degree angle, high-end editorial food styling, consistent single-shoot look"
Fresh Juice,Lemon Soda,30.00,Veg,images/dishes/lemon-soda.jpg,"Lemon Soda, served in a chilled glass, vibrant fruit color, fresh fruit slice garnish, condensation visible, professional restaurant food photography, warm cinematic lighting, dark charcoal-black moody backdrop, shallow depth of field, subtle gold and deep red accent props in frame, steam or garnish detail for freshness, rustic dark ceramic or brass serveware, 45-degree angle, high-end editorial food styling, consistent single-shoot look"
Fresh Juice,Mint Lime,30.00,Veg,images/dishes/mint-lime.jpg,"Mint Lime, served in a chilled glass, vibrant fruit color, fresh fruit slice garnish, condensation visible, professional restaurant food photography, warm cinematic lighting, dark charcoal-black moody backdrop, shallow depth of field, subtle gold and deep red accent props in frame, steam or garnish detail for freshness, rustic dark ceramic or brass serveware, 45-degree angle, high-end editorial food styling, consistent single-shoot look"
Fresh Juice,Paal Munthiri,40.00,Veg,images/dishes/paal-munthiri.jpg,"Paal Munthiri, served in a chilled glass, vibrant fruit color, fresh fruit slice garnish, condensation visible, professional restaurant food photography, warm cinematic lighting, dark charcoal-black moody backdrop, shallow depth of field, subtle gold and deep red accent props in frame, steam or garnish detail for freshness, rustic dark ceramic or brass serveware, 45-degree angle, high-end editorial food styling, consistent single-shoot look"
Fried Rice,Veg Fried Rice,150.00,Veg,images/dishes/veg-fried-rice.jpg,"Veg Fried Rice, served in a dark bowl, garnished with spring onion, wok-tossed texture visible, professional restaurant food photography, warm cinematic lighting, dark charcoal-black moody backdrop, shallow depth of field, subtle gold and deep red accent props in frame, steam or garnish detail for freshness, rustic dark ceramic or brass serveware, 45-degree angle, high-end editorial food styling, consistent single-shoot look"
Fried Rice,Chicken Fried Rice,180.00,Non-Veg,images/dishes/chicken-fried-rice.jpg,"Chicken Fried Rice, served in a dark bowl, garnished with spring onion, wok-tossed texture visible, professional restaurant food photography, warm cinematic lighting, dark charcoal-black moody backdrop, shallow depth of field, subtle gold and deep red accent props in frame, steam or garnish detail for freshness, rustic dark ceramic or brass serveware, 45-degree angle, high-end editorial food styling, consistent single-shoot look"
Fried Rice,Egg Fried Rice,160.00,Egg,images/dishes/egg-fried-rice.jpg,"Egg Fried Rice, served in a dark bowl, garnished with spring onion, wok-tossed texture visible, professional restaurant food photography, warm cinematic lighting, dark charcoal-black moody backdrop, shallow depth of field, subtle gold and deep red accent props in frame, steam or garnish detail for freshness, rustic dark ceramic or brass serveware, 45-degree angle, high-end editorial food styling, consistent single-shoot look"
Fried Rice,Schezwan Veg Fried Rice,170.00,Veg,images/dishes/schezwan-veg-fried-rice.jpg,"Schezwan Veg Fried Rice, served in a dark bowl, garnished with spring onion, wok-tossed texture visible, professional restaurant food photography, warm cinematic lighting, dark charcoal-black moody backdrop, shallow depth of field, subtle gold and deep red accent props in frame, steam or garnish detail for freshness, rustic dark ceramic or brass serveware, 45-degree angle, high-end editorial food styling, consistent single-shoot look"
Fried Rice,Schezwan Chicken Fried Rice,220.00,Non-Veg,images/dishes/schezwan-chicken-fried-rice.jpg,"Schezwan Chicken Fried Rice, served in a dark bowl, garnished with spring onion, wok-tossed texture visible, professional restaurant food photography, warm cinematic lighting, dark charcoal-black moody backdrop, shallow depth of field, subtle gold and deep red accent props in frame, steam or garnish detail for freshness, rustic dark ceramic or brass serveware, 45-degree angle, high-end editorial food styling, consistent single-shoot look"
Fried Rice,Schezwan Egg Fried Rice,180.00,Egg,images/dishes/schezwan-egg-fried-rice.jpg,"Schezwan Egg Fried Rice, served in a dark bowl, garnished with spring onion, wok-tossed texture visible, professional restaurant food photography, warm cinematic lighting, dark charcoal-black moody backdrop, shallow depth of field, subtle gold and deep red accent props in frame, steam or garnish detail for freshness, rustic dark ceramic or brass serveware, 45-degree angle, high-end editorial food styling, consistent single-shoot look"
Fried Rice,Manchurian Chicken Fried Rice,240.00,Non-Veg,images/dishes/manchurian-chicken-fried-rice.jpg,"Manchurian Chicken Fried Rice, served in a dark bowl, garnished with spring onion, wok-tossed texture visible, professional restaurant food photography, warm cinematic lighting, dark charcoal-black moody backdrop, shallow depth of field, subtle gold and deep red accent props in frame, steam or garnish detail for freshness, rustic dark ceramic or brass serveware, 45-degree angle, high-end editorial food styling, consistent single-shoot look"
Fried Rice,Beef Fried Rice,260.00,Non-Veg,images/dishes/beef-fried-rice.jpg,"Beef Fried Rice, served in a dark bowl, garnished with spring onion, wok-tossed texture visible, professional restaurant food photography, warm cinematic lighting, dark charcoal-black moody backdrop, shallow depth of field, subtle gold and deep red accent props in frame, steam or garnish detail for freshness, rustic dark ceramic or brass serveware, 45-degree angle, high-end editorial food styling, consistent single-shoot look"
Fried Rice,Mixed Fried Rice,280.00,Veg,images/dishes/mixed-fried-rice.jpg,"Mixed Fried Rice, served in a dark bowl, garnished with spring onion, wok-tossed texture visible, professional restaurant food photography, warm cinematic lighting, dark charcoal-black moody backdrop, shallow depth of field, subtle gold and deep red accent props in frame, steam or garnish detail for freshness, rustic dark ceramic or brass serveware, 45-degree angle, high-end editorial food styling, consistent single-shoot look"
Fried Rice,Prawns Fried Rice,270.00,Non-Veg,images/dishes/prawns-fried-rice.jpg,"Prawns Fried Rice, served in a dark bowl, garnished with spring onion, wok-tossed texture visible, professional restaurant food photography, warm cinematic lighting, dark charcoal-black moody backdrop, shallow depth of field, subtle gold and deep red accent props in frame, steam or garnish detail for freshness, rustic dark ceramic or brass serveware, 45-degree angle, high-end editorial food styling, consistent single-shoot look"
Fried Rice,Kanava Fried Rice,290.00,Non-Veg,images/dishes/kanava-fried-rice.jpg,"Kanava Fried Rice, served in a dark bowl, garnished with spring onion, wok-tossed texture visible, professional restaurant food photography, warm cinematic lighting, dark charcoal-black moody backdrop, shallow depth of field, subtle gold and deep red accent props in frame, steam or garnish detail for freshness, rustic dark ceramic or brass serveware, 45-degree angle, high-end editorial food styling, consistent single-shoot look"
Non-Veg Curry (Continental-Chinese),Ginger Chicken,190.00,Non-Veg,images/dishes/ginger-chicken.jpg,"Ginger Chicken, served in a dark ceramic bowl, rich glossy sauce, garnished with herbs, professional restaurant food photography, warm cinematic lighting, dark charcoal-black moody backdrop, shallow depth of field, subtle gold and deep red accent props in frame, steam or garnish detail for freshness, rustic dark ceramic or brass serveware, 45-degree angle, high-end editorial food styling, consistent single-shoot look"
Non-Veg Curry (Continental-Chinese),Butter Chicken,210.00,Non-Veg,images/dishes/butter-chicken.jpg,"Butter Chicken, served in a dark ceramic bowl, rich glossy sauce, garnished with herbs, professional restaurant food photography, warm cinematic lighting, dark charcoal-black moody backdrop, shallow depth of field, subtle gold and deep red accent props in frame, steam or garnish detail for freshness, rustic dark ceramic or brass serveware, 45-degree angle, high-end editorial food styling, consistent single-shoot look"
Non-Veg Curry (Continental-Chinese),Garlic Chicken,185.00,Non-Veg,images/dishes/garlic-chicken.jpg,"Garlic Chicken, served in a dark ceramic bowl, rich glossy sauce, garnished with herbs, professional restaurant food photography, warm cinematic lighting, dark charcoal-black moody backdrop, shallow depth of field, subtle gold and deep red accent props in frame, steam or garnish detail for freshness, rustic dark ceramic or brass serveware, 45-degree angle, high-end editorial food styling, consistent single-shoot look"
Non-Veg Curry (Continental-Chinese),Chilli Chicken Full,320.00,Non-Veg,images/dishes/chilli-chicken-full.jpg,"Chilli Chicken, served in a dark ceramic bowl, rich glossy sauce, garnished with herbs, professional restaurant food photography, warm cinematic lighting, dark charcoal-black moody backdrop, shallow depth of field, subtle gold and deep red accent props in frame, steam or garnish detail for freshness, rustic dark ceramic or brass serveware, 45-degree angle, high-end editorial food styling, consistent single-shoot look"
Non-Veg Curry (Continental-Chinese),Chilli Chicken Half,160.00,Non-Veg,images/dishes/chilli-chicken-half.jpg,"Chilli Chicken, served in a dark ceramic bowl, rich glossy sauce, garnished with herbs, professional restaurant food photography, warm cinematic lighting, dark charcoal-black moody backdrop, shallow depth of field, subtle gold and deep red accent props in frame, steam or garnish detail for freshness, rustic dark ceramic or brass serveware, 45-degree angle, high-end editorial food styling, consistent single-shoot look"
Non-Veg Curry (Continental-Chinese),Pepper Chicken,190.00,Non-Veg,images/dishes/pepper-chicken.jpg,"Pepper Chicken, served in a dark ceramic bowl, rich glossy sauce, garnished with herbs, professional restaurant food photography, warm cinematic lighting, dark charcoal-black moody backdrop, shallow depth of field, subtle gold and deep red accent props in frame, steam or garnish detail for freshness, rustic dark ceramic or brass serveware, 45-degree angle, high-end editorial food styling, consistent single-shoot look"
Non-Veg Curry (Continental-Chinese),Kadai Chicken,190.00,Non-Veg,images/dishes/kadai-chicken.jpg,"Kadai Chicken, served in a dark ceramic bowl, rich glossy sauce, garnished with herbs, professional restaurant food photography, warm cinematic lighting, dark charcoal-black moody backdrop, shallow depth of field, subtle gold and deep red accent props in frame, steam or garnish detail for freshness, rustic dark ceramic or brass serveware, 45-degree angle, high-end editorial food styling, consistent single-shoot look"
Non-Veg Curry (Continental-Chinese),Chicken Kuruma,190.00,Non-Veg,images/dishes/chicken-kuruma.jpg,"Chicken Kuruma, served in a dark ceramic bowl, rich glossy sauce, garnished with herbs, professional restaurant food photography, warm cinematic lighting, dark charcoal-black moody backdrop, shallow depth of field, subtle gold and deep red accent props in frame, steam or garnish detail for freshness, rustic dark ceramic or brass serveware, 45-degree angle, high-end editorial food styling, consistent single-shoot look"
Non-Veg Curry (Continental-Chinese),Varuththaracha Chicken Curry,220.00,Non-Veg,images/dishes/varuththaracha-chicken-curry.jpg,"Varuththaracha Chicken Curry, served in a dark ceramic bowl, rich glossy sauce, garnished with herbs, professional restaurant food photography, warm cinematic lighting, dark charcoal-black moody backdrop, shallow depth of field, subtle gold and deep red accent props in frame, steam or garnish detail for freshness, rustic dark ceramic or brass serveware, 45-degree angle, high-end editorial food styling, consistent single-shoot look"
Non-Veg Curry (Continental-Chinese),Chicken Coconut Milk Curry,190.00,Non-Veg,images/dishes/chicken-coconut-milk-curry.jpg,"Chicken Coconut Milk Curry, served in a dark ceramic bowl, rich glossy sauce, garnished with herbs, professional restaurant food photography, warm cinematic lighting, dark charcoal-black moody backdrop, shallow depth of field, subtle gold and deep red accent props in frame, steam or garnish detail for freshness, rustic dark ceramic or brass serveware, 45-degree angle, high-end editorial food styling, consistent single-shoot look"
Non-Veg Curry (Continental-Chinese),Hyderabadi Chicken,210.00,Non-Veg,images/dishes/hyderabadi-chicken.jpg,"Hyderabadi Chicken, served in a dark ceramic bowl, rich glossy sauce, garnished with herbs, professional restaurant food photography, warm cinematic lighting, dark charcoal-black moody backdrop, shallow depth of field, subtle gold and deep red accent props in frame, steam or garnish detail for freshness, rustic dark ceramic or brass serveware, 45-degree angle, high-end editorial food styling, consistent single-shoot look"
Non-Veg Curry (Continental-Chinese),Chicken Chettinadu,260.00,Non-Veg,images/dishes/chicken-chettinadu.jpg,"Chicken Chettinadu, served in a dark ceramic bowl, rich glossy sauce, garnished with herbs, professional restaurant food photography, warm cinematic lighting, dark charcoal-black moody backdrop, shallow depth of field, subtle gold and deep red accent props in frame, steam or garnish detail for freshness, rustic dark ceramic or brass serveware, 45-degree angle, high-end editorial food styling, consistent single-shoot look"
Non-Veg Curry (Continental-Chinese),Chicken Tikka Masala,260.00,Non-Veg,images/dishes/chicken-tikka-masala.jpg,"Chicken Tikka Masala, served in a dark ceramic bowl, rich glossy sauce, garnished with herbs, professional restaurant food photography, warm cinematic lighting, dark charcoal-black moody backdrop, shallow depth of field, subtle gold and deep red accent props in frame, steam or garnish detail for freshness, rustic dark ceramic or brass serveware, 45-degree angle, high-end editorial food styling, consistent single-shoot look"
Non-Veg Curry (Continental-Chinese),Chicken Salami,270.00,Non-Veg,images/dishes/chicken-salami.jpg,"Chicken Salami, served in a dark ceramic bowl, rich glossy sauce, garnished with herbs, professional restaurant food photography, warm cinematic lighting, dark charcoal-black moody backdrop, shallow depth of field, subtle gold and deep red accent props in frame, steam or garnish detail for freshness, rustic dark ceramic or brass serveware, 45-degree angle, high-end editorial food styling, consistent single-shoot look"
Non-Veg Curry (Continental-Chinese),Chicken Mughlai,290.00,Non-Veg,images/dishes/chicken-mughlai.jpg,"Chicken Mughlai, served in a dark ceramic bowl, rich glossy sauce, garnished with herbs, professional restaurant food photography, warm cinematic lighting, dark charcoal-black moody backdrop, shallow depth of field, subtle gold and deep red accent props in frame, steam or garnish detail for freshness, rustic dark ceramic or brass serveware, 45-degree angle, high-end editorial food styling, consistent single-shoot look"
Non-Veg Curry (Continental-Chinese),Chicken Kanthari,260.00,Non-Veg,images/dishes/chicken-kanthari.jpg,"Chicken Kanthari, served in a dark ceramic bowl, rich glossy sauce, garnished with herbs, professional restaurant food photography, warm cinematic lighting, dark charcoal-black moody backdrop, shallow depth of field, subtle gold and deep red accent props in frame, steam or garnish detail for freshness, rustic dark ceramic or brass serveware, 45-degree angle, high-end editorial food styling, consistent single-shoot look"
Non-Veg Curry (Continental-Chinese),Chicken Manchurian,180.00,Non-Veg,images/dishes/chicken-manchurian.jpg,"Chicken Manchurian, served in a dark ceramic bowl, rich glossy sauce, garnished with herbs, professional restaurant food photography, warm cinematic lighting, dark charcoal-black moody backdrop, shallow depth of field, subtle gold and deep red accent props in frame, steam or garnish detail for freshness, rustic dark ceramic or brass serveware, 45-degree angle, high-end editorial food styling, consistent single-shoot look"
Non-Veg Curry (Continental-Chinese),Chicken Schezwan,240.00,Non-Veg,images/dishes/chicken-schezwan.jpg,"Chicken Schezwan, served in a dark ceramic bowl, rich glossy sauce, garnished with herbs, professional restaurant food photography, warm cinematic lighting, dark charcoal-black moody backdrop, shallow depth of field, subtle gold and deep red accent props in frame, steam or garnish detail for freshness, rustic dark ceramic or brass serveware, 45-degree angle, high-end editorial food styling, consistent single-shoot look"
Non-Veg Curry (Continental-Chinese),Chicken Peshawari (Full),280.00,Non-Veg,images/dishes/chicken-peshawari-full.jpg,"Chicken Peshawari, served in a dark ceramic bowl, rich glossy sauce, garnished with herbs, professional restaurant food photography, warm cinematic lighting, dark charcoal-black moody backdrop, shallow depth of field, subtle gold and deep red accent props in frame, steam or garnish detail for freshness, rustic dark ceramic or brass serveware, 45-degree angle, high-end editorial food styling, consistent single-shoot look"
Noodles,Veg Noodles,130.00,Veg,images/dishes/veg-noodles.jpg,"Veg Noodles, served in a dark bowl with chopsticks resting on the side, garnished with spring onion and sesame, professional restaurant food photography, warm cinematic lighting, dark charcoal-black moody backdrop, shallow depth of field, subtle gold and deep red accent props in frame, steam or garnish detail for freshness, rustic dark ceramic or brass serveware, 45-degree angle, high-end editorial food styling, consistent single-shoot look"
Noodles,Chicken Noodles,160.00,Non-Veg,images/dishes/chicken-noodles.jpg,"Chicken Noodles, served in a dark bowl with chopsticks resting on the side, garnished with spring onion and sesame, professional restaurant food photography, warm cinematic lighting, dark charcoal-black moody backdrop, shallow depth of field, subtle gold and deep red accent props in frame, steam or garnish detail for freshness, rustic dark ceramic or brass serveware, 45-degree angle, high-end editorial food styling, consistent single-shoot look"
Noodles,Schezwan Noodles,190.00,Veg,images/dishes/schezwan-noodles.jpg,"Schezwan Noodles, served in a dark bowl with chopsticks resting on the side, garnished with spring onion and sesame, professional restaurant food photography, warm cinematic lighting, dark charcoal-black moody backdrop, shallow depth of field, subtle gold and deep red accent props in frame, steam or garnish detail for freshness, rustic dark ceramic or brass serveware, 45-degree angle, high-end editorial food styling, consistent single-shoot look"
Noodles,Mixed Noodles,190.00,Veg,images/dishes/mixed-noodles.jpg,"Mixed Noodles, served in a dark bowl with chopsticks resting on the side, garnished with spring onion and sesame, professional restaurant food photography, warm cinematic lighting, dark charcoal-black moody backdrop, shallow depth of field, subtle gold and deep red accent props in frame, steam or garnish detail for freshness, rustic dark ceramic or brass serveware, 45-degree angle, high-end editorial food styling, consistent single-shoot look"
Noodles,Egg Noodles,140.00,Egg,images/dishes/egg-noodles.jpg,"Egg Noodles, served in a dark bowl with chopsticks resting on the side, garnished with spring onion and sesame, professional restaurant food photography, warm cinematic lighting, dark charcoal-black moody backdrop, shallow depth of field, subtle gold and deep red accent props in frame, steam or garnish detail for freshness, rustic dark ceramic or brass serveware, 45-degree angle, high-end editorial food styling, consistent single-shoot look"
Noodles,American Chopsuey Noodles,290.00,Veg,images/dishes/american-chopsuey-noodles.jpg,"American Chopsuey Noodles, served in a dark bowl with chopsticks resting on the side, garnished with spring onion and sesame, professional restaurant food photography, warm cinematic lighting, dark charcoal-black moody backdrop, shallow depth of field, subtle gold and deep red accent props in frame, steam or garnish detail for freshness, rustic dark ceramic or brass serveware, 45-degree angle, high-end editorial food styling, consistent single-shoot look"
Noodles,Chinese Chopsuey Noodles,320.00,Veg,images/dishes/chinese-chopsuey-noodles.jpg,"Chinese Chopsuey Noodles, served in a dark bowl with chopsticks resting on the side, garnished with spring onion and sesame, professional restaurant food photography, warm cinematic lighting, dark charcoal-black moody backdrop, shallow depth of field, subtle gold and deep red accent props in frame, steam or garnish detail for freshness, rustic dark ceramic or brass serveware, 45-degree angle, high-end editorial food styling, consistent single-shoot look"
Veg Soup,Hot & Sour Veg Soup,120.00,Veg,images/dishes/hot-sour-veg-soup.jpg,"Hot & Sour Veg Soup, served in a dark ceramic bowl, gentle steam rising, garnished with herbs, professional restaurant food photography, warm cinematic lighting, dark charcoal-black moody backdrop, shallow depth of field, subtle gold and deep red accent props in frame, steam or garnish detail for freshness, rustic dark ceramic or brass serveware, 45-degree angle, high-end editorial food styling, consistent single-shoot look"
Veg Soup,Sweet Corn Soup,120.00,Veg,images/dishes/sweet-corn-soup.jpg,"Sweet Corn Soup, served in a dark ceramic bowl, gentle steam rising, garnished with herbs, professional restaurant food photography, warm cinematic lighting, dark charcoal-black moody backdrop, shallow depth of field, subtle gold and deep red accent props in frame, steam or garnish detail for freshness, rustic dark ceramic or brass serveware, 45-degree angle, high-end editorial food styling, consistent single-shoot look"
Veg Soup,Cream Of Mushroom Soup,150.00,Veg,images/dishes/cream-of-mushroom-soup.jpg,"Cream Of Mushroom Soup, served in a dark ceramic bowl, gentle steam rising, garnished with herbs, professional restaurant food photography, warm cinematic lighting, dark charcoal-black moody backdrop, shallow depth of field, subtle gold and deep red accent props in frame, steam or garnish detail for freshness, rustic dark ceramic or brass serveware, 45-degree angle, high-end editorial food styling, consistent single-shoot look"
Veg Soup,Cream Of Tomato Soup,110.00,Veg,images/dishes/cream-of-tomato-soup.jpg,"Cream Of Tomato Soup, served in a dark ceramic bowl, gentle steam rising, garnished with herbs, professional restaurant food photography, warm cinematic lighting, dark charcoal-black moody backdrop, shallow depth of field, subtle gold and deep red accent props in frame, steam or garnish detail for freshness, rustic dark ceramic or brass serveware, 45-degree angle, high-end editorial food styling, consistent single-shoot look"
Veg Soup,Veg Manchow Soup,140.00,Veg,images/dishes/veg-manchow-soup.jpg,"Veg Manchow Soup, served in a dark ceramic bowl, gentle steam rising, garnished with herbs, professional restaurant food photography, warm cinematic lighting, dark charcoal-black moody backdrop, shallow depth of field, subtle gold and deep red accent props in frame, steam or garnish detail for freshness, rustic dark ceramic or brass serveware, 45-degree angle, high-end editorial food styling, consistent single-shoot look"
Veg Soup,Tom Yum Soup,160.00,Veg,images/dishes/tom-yum-soup.jpg,"Tom Yum Soup, served in a dark ceramic bowl, gentle steam rising, garnished with herbs, professional restaurant food photography, warm cinematic lighting, dark charcoal-black moody backdrop, shallow depth of field, subtle gold and deep red accent props in frame, steam or garnish detail for freshness, rustic dark ceramic or brass serveware, 45-degree angle, high-end editorial food styling, consistent single-shoot look"
Non-Veg Soup,Rumali (Non-Veg Soup),120.00,Veg,images/dishes/rumali-non-veg-soup.jpg,"Rumali, served in a dark ceramic bowl, gentle steam rising, garnished with herbs, professional restaurant food photography, warm cinematic lighting, dark charcoal-black moody backdrop, shallow depth of field, subtle gold and deep red accent props in frame, steam or garnish detail for freshness, rustic dark ceramic or brass serveware, 45-degree angle, high-end editorial food styling, consistent single-shoot look"
Non-Veg Soup,Mexican Spicy (Non-Veg Soup),150.00,Veg,images/dishes/mexican-spicy-non-veg-soup.jpg,"Mexican Spicy, served in a dark ceramic bowl, gentle steam rising, garnished with herbs, professional restaurant food photography, warm cinematic lighting, dark charcoal-black moody backdrop, shallow depth of field, subtle gold and deep red accent props in frame, steam or garnish detail for freshness, rustic dark ceramic or brass serveware, 45-degree angle, high-end editorial food styling, consistent single-shoot look"
Non-Veg Soup,Shawarma Cheese Roll (Non-Veg Soup),160.00,Non-Veg,images/dishes/shawarma-cheese-roll-non-veg-soup.jpg,"Shawarma Cheese Roll, served in a dark ceramic bowl, gentle steam rising, garnished with herbs, professional restaurant food photography, warm cinematic lighting, dark charcoal-black moody backdrop, shallow depth of field, subtle gold and deep red accent props in frame, steam or garnish detail for freshness, rustic dark ceramic or brass serveware, 45-degree angle, high-end editorial food styling, consistent single-shoot look"
Non-Veg Soup,Full Meat Chicken Shawarma (Non-Veg Soup),180.00,Non-Veg,images/dishes/full-meat-chicken-shawarma-non-veg-soup.jpg,"Full Meat Chicken Shawarma, served in a dark ceramic bowl, gentle steam rising, garnished with herbs, professional restaurant food photography, warm cinematic lighting, dark charcoal-black moody backdrop, shallow depth of field, subtle gold and deep red accent props in frame, steam or garnish detail for freshness, rustic dark ceramic or brass serveware, 45-degree angle, high-end editorial food styling, consistent single-shoot look"
Non-Veg Soup,Shawarma Plate Normal (Non-Veg Soup),150.00,Non-Veg,images/dishes/shawarma-plate-normal-non-veg-soup.jpg,"Shawarma Plate Normal, served in a dark ceramic bowl, gentle steam rising, garnished with herbs, professional restaurant food photography, warm cinematic lighting, dark charcoal-black moody backdrop, shallow depth of field, subtle gold and deep red accent props in frame, steam or garnish detail for freshness, rustic dark ceramic or brass serveware, 45-degree angle, high-end editorial food styling, consistent single-shoot look"
Non-Veg Soup,Full Plate Spicy Meat (Non-Veg Soup),200.00,Non-Veg,images/dishes/full-plate-spicy-meat-non-veg-soup.jpg,"Full Plate Spicy Meat, served in a dark ceramic bowl, gentle steam rising, garnished with herbs, professional restaurant food photography, warm cinematic lighting, dark charcoal-black moody backdrop, shallow depth of field, subtle gold and deep red accent props in frame, steam or garnish detail for freshness, rustic dark ceramic or brass serveware, 45-degree angle, high-end editorial food styling, consistent single-shoot look"
Evening Bites,Honey Pops,150.00,Veg,images/dishes/honey-pops.jpg,"Honey Pops, plated on a dark slate board with dipping sauce, crispy golden texture visible, professional restaurant food photography, warm cinematic lighting, dark charcoal-black moody backdrop, shallow depth of field, subtle gold and deep red accent props in frame, steam or garnish detail for freshness, rustic dark ceramic or brass serveware, 45-degree angle, high-end editorial food styling, consistent single-shoot look"
Evening Bites,Cheese Pops,170.00,Veg,images/dishes/cheese-pops.jpg,"Cheese Pops, plated on a dark slate board with dipping sauce, crispy golden texture visible, professional restaurant food photography, warm cinematic lighting, dark charcoal-black moody backdrop, shallow depth of field, subtle gold and deep red accent props in frame, steam or garnish detail for freshness, rustic dark ceramic or brass serveware, 45-degree angle, high-end editorial food styling, consistent single-shoot look"
Evening Bites,Dynamic Pops,160.00,Veg,images/dishes/dynamic-pops.jpg,"Dynamic Pops, plated on a dark slate board with dipping sauce, crispy golden texture visible, professional restaurant food photography, warm cinematic lighting, dark charcoal-black moody backdrop, shallow depth of field, subtle gold and deep red accent props in frame, steam or garnish detail for freshness, rustic dark ceramic or brass serveware, 45-degree angle, high-end editorial food styling, consistent single-shoot look"
Evening Bites,Lemon Pops,160.00,Veg,images/dishes/lemon-pops.jpg,"Lemon Pops, plated on a dark slate board with dipping sauce, crispy golden texture visible, professional restaurant food photography, warm cinematic lighting, dark charcoal-black moody backdrop, shallow depth of field, subtle gold and deep red accent props in frame, steam or garnish detail for freshness, rustic dark ceramic or brass serveware, 45-degree angle, high-end editorial food styling, consistent single-shoot look"
Evening Bites,Chicken Strips,160.00,Non-Veg,images/dishes/chicken-strips.jpg,"Chicken Strips, plated on a dark slate board with dipping sauce, crispy golden texture visible, professional restaurant food photography, warm cinematic lighting, dark charcoal-black moody backdrop, shallow depth of field, subtle gold and deep red accent props in frame, steam or garnish detail for freshness, rustic dark ceramic or brass serveware, 45-degree angle, high-end editorial food styling, consistent single-shoot look"
Evening Bites,Lemon Pepper Strips,180.00,Veg,images/dishes/lemon-pepper-strips.jpg,"Lemon Pepper Strips, plated on a dark slate board with dipping sauce, crispy golden texture visible, professional restaurant food photography, warm cinematic lighting, dark charcoal-black moody backdrop, shallow depth of field, subtle gold and deep red accent props in frame, steam or garnish detail for freshness, rustic dark ceramic or brass serveware, 45-degree angle, high-end editorial food styling, consistent single-shoot look"
Evening Bites,Korian Strips,180.00,Veg,images/dishes/korian-strips.jpg,"Korian Strips, plated on a dark slate board with dipping sauce, crispy golden texture visible, professional restaurant food photography, warm cinematic lighting, dark charcoal-black moody backdrop, shallow depth of field, subtle gold and deep red accent props in frame, steam or garnish detail for freshness, rustic dark ceramic or brass serveware, 45-degree angle, high-end editorial food styling, consistent single-shoot look"
Evening Bites,Thai Strips,180.00,Veg,images/dishes/thai-strips.jpg,"Thai Strips, plated on a dark slate board with dipping sauce, crispy golden texture visible, professional restaurant food photography, warm cinematic lighting, dark charcoal-black moody backdrop, shallow depth of field, subtle gold and deep red accent props in frame, steam or garnish detail for freshness, rustic dark ceramic or brass serveware, 45-degree angle, high-end editorial food styling, consistent single-shoot look"
Evening Bites,Veg Sandwich,120.00,Veg,images/dishes/veg-sandwich.jpg,"Veg Sandwich, plated on a dark slate board with dipping sauce, crispy golden texture visible, professional restaurant food photography, warm cinematic lighting, dark charcoal-black moody backdrop, shallow depth of field, subtle gold and deep red accent props in frame, steam or garnish detail for freshness, rustic dark ceramic or brass serveware, 45-degree angle, high-end editorial food styling, consistent single-shoot look"
Evening Bites,Egg Mayo Sandwich,120.00,Egg,images/dishes/egg-mayo-sandwich.jpg,"Egg Mayo Sandwich, plated on a dark slate board with dipping sauce, crispy golden texture visible, professional restaurant food photography, warm cinematic lighting, dark charcoal-black moody backdrop, shallow depth of field, subtle gold and deep red accent props in frame, steam or garnish detail for freshness, rustic dark ceramic or brass serveware, 45-degree angle, high-end editorial food styling, consistent single-shoot look"
Evening Bites,Egg Chilli Sandwich,130.00,Egg,images/dishes/egg-chilli-sandwich.jpg,"Egg Chilli Sandwich, plated on a dark slate board with dipping sauce, crispy golden texture visible, professional restaurant food photography, warm cinematic lighting, dark charcoal-black moody backdrop, shallow depth of field, subtle gold and deep red accent props in frame, steam or garnish detail for freshness, rustic dark ceramic or brass serveware, 45-degree angle, high-end editorial food styling, consistent single-shoot look"
Evening Bites,Club Chicken Sandwich,150.00,Non-Veg,images/dishes/club-chicken-sandwich.jpg,"Club Chicken Sandwich, plated on a dark slate board with dipping sauce, crispy golden texture visible, professional restaurant food photography, warm cinematic lighting, dark charcoal-black moody backdrop, shallow depth of field, subtle gold and deep red accent props in frame, steam or garnish detail for freshness, rustic dark ceramic or brass serveware, 45-degree angle, high-end editorial food styling, consistent single-shoot look"
Evening Bites,Egg Chilli Cheese Sandwich,130.00,Egg,images/dishes/egg-chilli-cheese-sandwich.jpg,"Egg Chilli Cheese Sandwich, plated on a dark slate board with dipping sauce, crispy golden texture visible, professional restaurant food photography, warm cinematic lighting, dark charcoal-black moody backdrop, shallow depth of field, subtle gold and deep red accent props in frame, steam or garnish detail for freshness, rustic dark ceramic or brass serveware, 45-degree angle, high-end editorial food styling, consistent single-shoot look"
Evening Bites,Cheese Veg Sandwich,120.00,Veg,images/dishes/cheese-veg-sandwich.jpg,"Cheese Veg Sandwich, plated on a dark slate board with dipping sauce, crispy golden texture visible, professional restaurant food photography, warm cinematic lighting, dark charcoal-black moody backdrop, shallow depth of field, subtle gold and deep red accent props in frame, steam or garnish detail for freshness, rustic dark ceramic or brass serveware, 45-degree angle, high-end editorial food styling, consistent single-shoot look"
Evening Bites,Veg Club Sandwich,120.00,Veg,images/dishes/veg-club-sandwich.jpg,"Veg Club Sandwich, plated on a dark slate board with dipping sauce, crispy golden texture visible, professional restaurant food photography, warm cinematic lighting, dark charcoal-black moody backdrop, shallow depth of field, subtle gold and deep red accent props in frame, steam or garnish detail for freshness, rustic dark ceramic or brass serveware, 45-degree angle, high-end editorial food styling, consistent single-shoot look"
Evening Bites,Club Mixed Sandwich,150.00,Veg,images/dishes/club-mixed-sandwich.jpg,"Club Mixed Sandwich, plated on a dark slate board with dipping sauce, crispy golden texture visible, professional restaurant food photography, warm cinematic lighting, dark charcoal-black moody backdrop, shallow depth of field, subtle gold and deep red accent props in frame, steam or garnish detail for freshness, rustic dark ceramic or brass serveware, 45-degree angle, high-end editorial food styling, consistent single-shoot look"
Evening Bites,Chicken Hawaiian Sandwich,160.00,Non-Veg,images/dishes/chicken-hawaiian-sandwich.jpg,"Chicken Hawaiian Sandwich, plated on a dark slate board with dipping sauce, crispy golden texture visible, professional restaurant food photography, warm cinematic lighting, dark charcoal-black moody backdrop, shallow depth of field, subtle gold and deep red accent props in frame, steam or garnish detail for freshness, rustic dark ceramic or brass serveware, 45-degree angle, high-end editorial food styling, consistent single-shoot look"
Evening Bites,Veg Roll,110.00,Veg,images/dishes/veg-roll.jpg,"Veg Roll, plated on a dark slate board with dipping sauce, crispy golden texture visible, professional restaurant food photography, warm cinematic lighting, dark charcoal-black moody backdrop, shallow depth of field, subtle gold and deep red accent props in frame, steam or garnish detail for freshness, rustic dark ceramic or brass serveware, 45-degree angle, high-end editorial food styling, consistent single-shoot look"
Evening Bites,Arabic Roll,120.00,Veg,images/dishes/arabic-roll.jpg,"Arabic Roll, plated on a dark slate board with dipping sauce, crispy golden texture visible, professional restaurant food photography, warm cinematic lighting, dark charcoal-black moody backdrop, shallow depth of field, subtle gold and deep red accent props in frame, steam or garnish detail for freshness, rustic dark ceramic or brass serveware, 45-degree angle, high-end editorial food styling, consistent single-shoot look"
Evening Bites,Panjabi Roll,130.00,Veg,images/dishes/panjabi-roll.jpg,"Panjabi Roll, plated on a dark slate board with dipping sauce, crispy golden texture visible, professional restaurant food photography, warm cinematic lighting, dark charcoal-black moody backdrop, shallow depth of field, subtle gold and deep red accent props in frame, steam or garnish detail for freshness, rustic dark ceramic or brass serveware, 45-degree angle, high-end editorial food styling, consistent single-shoot look"
Evening Bites,Mexican Roll,140.00,Veg,images/dishes/mexican-roll.jpg,"Mexican Roll, plated on a dark slate board with dipping sauce, crispy golden texture visible, professional restaurant food photography, warm cinematic lighting, dark charcoal-black moody backdrop, shallow depth of field, subtle gold and deep red accent props in frame, steam or garnish detail for freshness, rustic dark ceramic or brass serveware, 45-degree angle, high-end editorial food styling, consistent single-shoot look"
Evening Bites,Italian Spicy Roll,130.00,Veg,images/dishes/italian-spicy-roll.jpg,"Italian Spicy Roll, plated on a dark slate board with dipping sauce, crispy golden texture visible, professional restaurant food photography, warm cinematic lighting, dark charcoal-black moody backdrop, shallow depth of field, subtle gold and deep red accent props in frame, steam or garnish detail for freshness, rustic dark ceramic or brass serveware, 45-degree angle, high-end editorial food styling, consistent single-shoot look"
Alfahm,Alfaham Full,490.00,Non-Veg,images/dishes/alfaham-full.jpg,"Alfaham, whole roasted chicken on a dark platter, charred and glossy, garnished with lemon and onion rings, professional restaurant food photography, warm cinematic lighting, dark charcoal-black moody backdrop, shallow depth of field, subtle gold and deep red accent props in frame, steam or garnish detail for freshness, rustic dark ceramic or brass serveware, 45-degree angle, high-end editorial food styling, consistent single-shoot look"
Alfahm,Alfaham Half,250.00,Non-Veg,images/dishes/alfaham-half.jpg,"Alfaham, whole roasted chicken on a dark platter, charred and glossy, garnished with lemon and onion rings, professional restaurant food photography, warm cinematic lighting, dark charcoal-black moody backdrop, shallow depth of field, subtle gold and deep red accent props in frame, steam or garnish detail for freshness, rustic dark ceramic or brass serveware, 45-degree angle, high-end editorial food styling, consistent single-shoot look"
Alfahm,Alfaham Qtr,130.00,Non-Veg,images/dishes/alfaham-qtr.jpg,"Alfaham, whole roasted chicken on a dark platter, charred and glossy, garnished with lemon and onion rings, professional restaurant food photography, warm cinematic lighting, dark charcoal-black moody backdrop, shallow depth of field, subtle gold and deep red accent props in frame, steam or garnish detail for freshness, rustic dark ceramic or brass serveware, 45-degree angle, high-end editorial food styling, consistent single-shoot look"
Alfahm,Peri Peri Full,520.00,Veg,images/dishes/peri-peri-full.jpg,"Peri Peri, whole roasted chicken on a dark platter, charred and glossy, garnished with lemon and onion rings, professional restaurant food photography, warm cinematic lighting, dark charcoal-black moody backdrop, shallow depth of field, subtle gold and deep red accent props in frame, steam or garnish detail for freshness, rustic dark ceramic or brass serveware, 45-degree angle, high-end editorial food styling, consistent single-shoot look"
Alfahm,Peri Peri Half,280.00,Veg,images/dishes/peri-peri-half.jpg,"Peri Peri, whole roasted chicken on a dark platter, charred and glossy, garnished with lemon and onion rings, professional restaurant food photography, warm cinematic lighting, dark charcoal-black moody backdrop, shallow depth of field, subtle gold and deep red accent props in frame, steam or garnish detail for freshness, rustic dark ceramic or brass serveware, 45-degree angle, high-end editorial food styling, consistent single-shoot look"
Alfahm,Peri Peri Qtr,150.00,Veg,images/dishes/peri-peri-qtr.jpg,"Peri Peri, whole roasted chicken on a dark platter, charred and glossy, garnished with lemon and onion rings, professional restaurant food photography, warm cinematic lighting, dark charcoal-black moody backdrop, shallow depth of field, subtle gold and deep red accent props in frame, steam or garnish detail for freshness, rustic dark ceramic or brass serveware, 45-degree angle, high-end editorial food styling, consistent single-shoot look"
Alfahm,Honey Chilli Full,580.00,Veg,images/dishes/honey-chilli-full.jpg,"Honey Chilli, whole roasted chicken on a dark platter, charred and glossy, garnished with lemon and onion rings, professional restaurant food photography, warm cinematic lighting, dark charcoal-black moody backdrop, shallow depth of field, subtle gold and deep red accent props in frame, steam or garnish detail for freshness, rustic dark ceramic or brass serveware, 45-degree angle, high-end editorial food styling, consistent single-shoot look"
Alfahm,Honey Chilli Half,310.00,Veg,images/dishes/honey-chilli-half.jpg,"Honey Chilli, whole roasted chicken on a dark platter, charred and glossy, garnished with lemon and onion rings, professional restaurant food photography, warm cinematic lighting, dark charcoal-black moody backdrop, shallow depth of field, subtle gold and deep red accent props in frame, steam or garnish detail for freshness, rustic dark ceramic or brass serveware, 45-degree angle, high-end editorial food styling, consistent single-shoot look"
Alfahm,Honey Chilli Qtr,160.00,Veg,images/dishes/honey-chilli-qtr.jpg,"Honey Chilli, whole roasted chicken on a dark platter, charred and glossy, garnished with lemon and onion rings, professional restaurant food photography, warm cinematic lighting, dark charcoal-black moody backdrop, shallow depth of field, subtle gold and deep red accent props in frame, steam or garnish detail for freshness, rustic dark ceramic or brass serveware, 45-degree angle, high-end editorial food styling, consistent single-shoot look"
Alfahm,Kanthari Alfaham Full,610.00,Non-Veg,images/dishes/kanthari-alfaham-full.jpg,"Kanthari Alfaham, whole roasted chicken on a dark platter, charred and glossy, garnished with lemon and onion rings, professional restaurant food photography, warm cinematic lighting, dark charcoal-black moody backdrop, shallow depth of field, subtle gold and deep red accent props in frame, steam or garnish detail for freshness, rustic dark ceramic or brass serveware, 45-degree angle, high-end editorial food styling, consistent single-shoot look"
Alfahm,Kanthari Alfaham Half,330.00,Non-Veg,images/dishes/kanthari-alfaham-half.jpg,"Kanthari Alfaham, whole roasted chicken on a dark platter, charred and glossy, garnished with lemon and onion rings, professional restaurant food photography, warm cinematic lighting, dark charcoal-black moody backdrop, shallow depth of field, subtle gold and deep red accent props in frame, steam or garnish detail for freshness, rustic dark ceramic or brass serveware, 45-degree angle, high-end editorial food styling, consistent single-shoot look"
Alfahm,Kanthari Alfaham Qtr,170.00,Non-Veg,images/dishes/kanthari-alfaham-qtr.jpg,"Kanthari Alfaham, whole roasted chicken on a dark platter, charred and glossy, garnished with lemon and onion rings, professional restaurant food photography, warm cinematic lighting, dark charcoal-black moody backdrop, shallow depth of field, subtle gold and deep red accent props in frame, steam or garnish detail for freshness, rustic dark ceramic or brass serveware, 45-degree angle, high-end editorial food styling, consistent single-shoot look"
Alfahm,Pepper Alfaham Full,599.00,Non-Veg,images/dishes/pepper-alfaham-full.jpg,"Pepper Alfaham, whole roasted chicken on a dark platter, charred and glossy, garnished with lemon and onion rings, professional restaurant food photography, warm cinematic lighting, dark charcoal-black moody backdrop, shallow depth of field, subtle gold and deep red accent props in frame, steam or garnish detail for freshness, rustic dark ceramic or brass serveware, 45-degree angle, high-end editorial food styling, consistent single-shoot look"
Alfahm,Pepper Alfaham Half,320.00,Non-Veg,images/dishes/pepper-alfaham-half.jpg,"Pepper Alfaham, whole roasted chicken on a dark platter, charred and glossy, garnished with lemon and onion rings, professional restaurant food photography, warm cinematic lighting, dark charcoal-black moody backdrop, shallow depth of field, subtle gold and deep red accent props in frame, steam or garnish detail for freshness, rustic dark ceramic or brass serveware, 45-degree angle, high-end editorial food styling, consistent single-shoot look"
Alfahm,Pepper Alfaham Qtr,160.00,Non-Veg,images/dishes/pepper-alfaham-qtr.jpg,"Pepper Alfaham, whole roasted chicken on a dark platter, charred and glossy, garnished with lemon and onion rings, professional restaurant food photography, warm cinematic lighting, dark charcoal-black moody backdrop, shallow depth of field, subtle gold and deep red accent props in frame, steam or garnish detail for freshness, rustic dark ceramic or brass serveware, 45-degree angle, high-end editorial food styling, consistent single-shoot look"
Alfahm,Red Chilli Alfaham Full,510.00,Non-Veg,images/dishes/red-chilli-alfaham-full.jpg,"Red Chilli Alfaham, whole roasted chicken on a dark platter, charred and glossy, garnished with lemon and onion rings, professional restaurant food photography, warm cinematic lighting, dark charcoal-black moody backdrop, shallow depth of field, subtle gold and deep red accent props in frame, steam or garnish detail for freshness, rustic dark ceramic or brass serveware, 45-degree angle, high-end editorial food styling, consistent single-shoot look"
Alfahm,Red Chilli Alfaham Half,270.00,Non-Veg,images/dishes/red-chilli-alfaham-half.jpg,"Red Chilli Alfaham, whole roasted chicken on a dark platter, charred and glossy, garnished with lemon and onion rings, professional restaurant food photography, warm cinematic lighting, dark charcoal-black moody backdrop, shallow depth of field, subtle gold and deep red accent props in frame, steam or garnish detail for freshness, rustic dark ceramic or brass serveware, 45-degree angle, high-end editorial food styling, consistent single-shoot look"
Alfahm,Red Chilli Alfaham Qtr,170.00,Non-Veg,images/dishes/red-chilli-alfaham-qtr.jpg,"Red Chilli Alfaham, whole roasted chicken on a dark platter, charred and glossy, garnished with lemon and onion rings, professional restaurant food photography, warm cinematic lighting, dark charcoal-black moody backdrop, shallow depth of field, subtle gold and deep red accent props in frame, steam or garnish detail for freshness, rustic dark ceramic or brass serveware, 45-degree angle, high-end editorial food styling, consistent single-shoot look"
Grand Special Recipe,Burnt Chicken Fried Rice,280.00,Non-Veg,images/dishes/burnt-chicken-fried-rice.jpg,"Burnt Chicken Fried Rice, elaborately plated fusion rice dish on a dark platter, garnished with herbs and chili, professional restaurant food photography, warm cinematic lighting, dark charcoal-black moody backdrop, shallow depth of field, subtle gold and deep red accent props in frame, steam or garnish detail for freshness, rustic dark ceramic or brass serveware, 45-degree angle, high-end editorial food styling, consistent single-shoot look"
Grand Special Recipe,Chicken Triple Fusion,280.00,Non-Veg,images/dishes/chicken-triple-fusion.jpg,"Chicken Triple Fusion, elaborately plated fusion rice dish on a dark platter, garnished with herbs and chili, professional restaurant food photography, warm cinematic lighting, dark charcoal-black moody backdrop, shallow depth of field, subtle gold and deep red accent props in frame, steam or garnish detail for freshness, rustic dark ceramic or brass serveware, 45-degree angle, high-end editorial food styling, consistent single-shoot look"
Grand Special Recipe,Singapore Rice Skewer,310.00,Veg,images/dishes/singapore-rice-skewer.jpg,"Singapore Rice Skewer, elaborately plated fusion rice dish on a dark platter, garnished with herbs and chili, professional restaurant food photography, warm cinematic lighting, dark charcoal-black moody backdrop, shallow depth of field, subtle gold and deep red accent props in frame, steam or garnish detail for freshness, rustic dark ceramic or brass serveware, 45-degree angle, high-end editorial food styling, consistent single-shoot look"
Grand Special Recipe,Dragon Chicken With Hakka Rice,290.00,Non-Veg,images/dishes/dragon-chicken-with-hakka-rice.jpg,"Dragon Chicken With Hakka Rice, elaborately plated fusion rice dish on a dark platter, garnished with herbs and chili, professional restaurant food photography, warm cinematic lighting, dark charcoal-black moody backdrop, shallow depth of field, subtle gold and deep red accent props in frame, steam or garnish detail for freshness, rustic dark ceramic or brass serveware, 45-degree angle, high-end editorial food styling, consistent single-shoot look"
Grand Special Recipe,Dragon Beef With Hakka Rice,290.00,Non-Veg,images/dishes/dragon-beef-with-hakka-rice.jpg,"Dragon Beef With Hakka Rice, elaborately plated fusion rice dish on a dark platter, garnished with herbs and chili, professional restaurant food photography, warm cinematic lighting, dark charcoal-black moody backdrop, shallow depth of field, subtle gold and deep red accent props in frame, steam or garnish detail for freshness, rustic dark ceramic or brass serveware, 45-degree angle, high-end editorial food styling, consistent single-shoot look"
Grand Special Recipe,Chilli Chicken With Capsicum Rice,280.00,Non-Veg,images/dishes/chilli-chicken-with-capsicum-rice.jpg,"Chilli Chicken With Capsicum Rice, elaborately plated fusion rice dish on a dark platter, garnished with herbs and chili, professional restaurant food photography, warm cinematic lighting, dark charcoal-black moody backdrop, shallow depth of field, subtle gold and deep red accent props in frame, steam or garnish detail for freshness, rustic dark ceramic or brass serveware, 45-degree angle, high-end editorial food styling, consistent single-shoot look"
Grand Special Recipe,Mexican Beef With Shimla Rice,350.00,Non-Veg,images/dishes/mexican-beef-with-shimla-rice.jpg,"Mexican Beef With Shimla Rice, elaborately plated fusion rice dish on a dark platter, garnished with herbs and chili, professional restaurant food photography, warm cinematic lighting, dark charcoal-black moody backdrop, shallow depth of field, subtle gold and deep red accent props in frame, steam or garnish detail for freshness, rustic dark ceramic or brass serveware, 45-degree angle, high-end editorial food styling, consistent single-shoot look"
Grand Special Recipe,Paneer Burnt Fried Rice,260.00,Veg,images/dishes/paneer-burnt-fried-rice.jpg,"Paneer Burnt Fried Rice, elaborately plated fusion rice dish on a dark platter, garnished with herbs and chili, professional restaurant food photography, warm cinematic lighting, dark charcoal-black moody backdrop, shallow depth of field, subtle gold and deep red accent props in frame, steam or garnish detail for freshness, rustic dark ceramic or brass serveware, 45-degree angle, high-end editorial food styling, consistent single-shoot look"
Grand Special Recipe,Shanghai Beef With Garlic Rice,290.00,Non-Veg,images/dishes/shanghai-beef-with-garlic-rice.jpg,"Shanghai Beef With Garlic Rice, elaborately plated fusion rice dish on a dark platter, garnished with herbs and chili, professional restaurant food photography, warm cinematic lighting, dark charcoal-black moody backdrop, shallow depth of field, subtle gold and deep red accent props in frame, steam or garnish detail for freshness, rustic dark ceramic or brass serveware, 45-degree angle, high-end editorial food styling, consistent single-shoot look"
Grand Special Recipe,Afgani Chicken With Garlic Rice,280.00,Non-Veg,images/dishes/afgani-chicken-with-garlic-rice.jpg,"Afgani Chicken With Garlic Rice, elaborately plated fusion rice dish on a dark platter, garnished with herbs and chili, professional restaurant food photography, warm cinematic lighting, dark charcoal-black moody backdrop, shallow depth of field, subtle gold and deep red accent props in frame, steam or garnish detail for freshness, rustic dark ceramic or brass serveware, 45-degree angle, high-end editorial food styling, consistent single-shoot look"
Grand Special Recipe,Afgani Beef With Garlic Rice,280.00,Non-Veg,images/dishes/afgani-beef-with-garlic-rice.jpg,"Afgani Beef With Garlic Rice, elaborately plated fusion rice dish on a dark platter, garnished with herbs and chili, professional restaurant food photography, warm cinematic lighting, dark charcoal-black moody backdrop, shallow depth of field, subtle gold and deep red accent props in frame, steam or garnish detail for freshness, rustic dark ceramic or brass serveware, 45-degree angle, high-end editorial food styling, consistent single-shoot look"
Grand Special Recipe,Spicy Chicken With Jeera Rice,250.00,Non-Veg,images/dishes/spicy-chicken-with-jeera-rice.jpg,"Spicy Chicken With Jeera Rice, elaborately plated fusion rice dish on a dark platter, garnished with herbs and chili, professional restaurant food photography, warm cinematic lighting, dark charcoal-black moody backdrop, shallow depth of field, subtle gold and deep red accent props in frame, steam or garnish detail for freshness, rustic dark ceramic or brass serveware, 45-degree angle, high-end editorial food styling, consistent single-shoot look"
Grand Special Recipe,Grand Special Platter,2199.00,Veg,images/dishes/grand-special-platter.jpg,"Grand Special Platter, elaborately plated fusion rice dish on a dark platter, garnished with herbs and chili, professional restaurant food photography, warm cinematic lighting, dark charcoal-black moody backdrop, shallow depth of field, subtle gold and deep red accent props in frame, steam or garnish detail for freshness, rustic dark ceramic or brass serveware, 45-degree angle, high-end editorial food styling, consistent single-shoot look"
Fries,Normal Fries,70.00,Veg,images/dishes/normal-fries.jpg,"Normal Fries, served in a red paper cone or dark bowl, crispy golden texture, dipping sauce on the side, professional restaurant food photography, warm cinematic lighting, dark charcoal-black moody backdrop, shallow depth of field, subtle gold and deep red accent props in frame, steam or garnish detail for freshness, rustic dark ceramic or brass serveware, 45-degree angle, high-end editorial food styling, consistent single-shoot look"
Fries,Kur Kure Fries,80.00,Veg,images/dishes/kur-kure-fries.jpg,"Kur Kure Fries, served in a red paper cone or dark bowl, crispy golden texture, dipping sauce on the side, professional restaurant food photography, warm cinematic lighting, dark charcoal-black moody backdrop, shallow depth of field, subtle gold and deep red accent props in frame, steam or garnish detail for freshness, rustic dark ceramic or brass serveware, 45-degree angle, high-end editorial food styling, consistent single-shoot look"
Fries,Spicy Lemon Fries,80.00,Veg,images/dishes/spicy-lemon-fries.jpg,"Spicy Lemon Fries, served in a red paper cone or dark bowl, crispy golden texture, dipping sauce on the side, professional restaurant food photography, warm cinematic lighting, dark charcoal-black moody backdrop, shallow depth of field, subtle gold and deep red accent props in frame, steam or garnish detail for freshness, rustic dark ceramic or brass serveware, 45-degree angle, high-end editorial food styling, consistent single-shoot look"
Fries,Peri Peri Fries,80.00,Veg,images/dishes/peri-peri-fries.jpg,"Peri Peri Fries, served in a red paper cone or dark bowl, crispy golden texture, dipping sauce on the side, professional restaurant food photography, warm cinematic lighting, dark charcoal-black moody backdrop, shallow depth of field, subtle gold and deep red accent props in frame, steam or garnish detail for freshness, rustic dark ceramic or brass serveware, 45-degree angle, high-end editorial food styling, consistent single-shoot look"
Fries,Loaded Fries,130.00,Veg,images/dishes/loaded-fries.jpg,"Loaded Fries, served in a red paper cone or dark bowl, crispy golden texture, dipping sauce on the side, professional restaurant food photography, warm cinematic lighting, dark charcoal-black moody backdrop, shallow depth of field, subtle gold and deep red accent props in frame, steam or garnish detail for freshness, rustic dark ceramic or brass serveware, 45-degree angle, high-end editorial food styling, consistent single-shoot look"
Burger,Egg Burger,100.00,Egg,images/dishes/egg-burger.jpg,"Egg Burger, stacked burger on a dark board, melted cheese dripping, sesame bun, side of fries blurred in background, professional restaurant food photography, warm cinematic lighting, dark charcoal-black moody backdrop, shallow depth of field, subtle gold and deep red accent props in frame, steam or garnish detail for freshness, rustic dark ceramic or brass serveware, 45-degree angle, high-end editorial food styling, consistent single-shoot look"
Burger,Double Cheese Burger,110.00,Veg,images/dishes/double-cheese-burger.jpg,"Double Cheese Burger, stacked burger on a dark board, melted cheese dripping, sesame bun, side of fries blurred in background, professional restaurant food photography, warm cinematic lighting, dark charcoal-black moody backdrop, shallow depth of field, subtle gold and deep red accent props in frame, steam or garnish detail for freshness, rustic dark ceramic or brass serveware, 45-degree angle, high-end editorial food styling, consistent single-shoot look"
Burger,Chicken Burger,120.00,Non-Veg,images/dishes/chicken-burger.jpg,"Chicken Burger, stacked burger on a dark board, melted cheese dripping, sesame bun, side of fries blurred in background, professional restaurant food photography, warm cinematic lighting, dark charcoal-black moody backdrop, shallow depth of field, subtle gold and deep red accent props in frame, steam or garnish detail for freshness, rustic dark ceramic or brass serveware, 45-degree angle, high-end editorial food styling, consistent single-shoot look"
Burger,Veg Jumbo Xx,120.00,Veg,images/dishes/veg-jumbo-xx.jpg,"Veg Jumbo Xx, stacked burger on a dark board, melted cheese dripping, sesame bun, side of fries blurred in background, professional restaurant food photography, warm cinematic lighting, dark charcoal-black moody backdrop, shallow depth of field, subtle gold and deep red accent props in frame, steam or garnish detail for freshness, rustic dark ceramic or brass serveware, 45-degree angle, high-end editorial food styling, consistent single-shoot look"
Burger,Double Cheese Chicken Burger,140.00,Non-Veg,images/dishes/double-cheese-chicken-burger.jpg,"Double Cheese Chicken Burger, stacked burger on a dark board, melted cheese dripping, sesame bun, side of fries blurred in background, professional restaurant food photography, warm cinematic lighting, dark charcoal-black moody backdrop, shallow depth of field, subtle gold and deep red accent props in frame, steam or garnish detail for freshness, rustic dark ceramic or brass serveware, 45-degree angle, high-end editorial food styling, consistent single-shoot look"
Burger,Chicken Jumbo Xx,140.00,Non-Veg,images/dishes/chicken-jumbo-xx.jpg,"Chicken Jumbo Xx, stacked burger on a dark board, melted cheese dripping, sesame bun, side of fries blurred in background, professional restaurant food photography, warm cinematic lighting, dark charcoal-black moody backdrop, shallow depth of field, subtle gold and deep red accent props in frame, steam or garnish detail for freshness, rustic dark ceramic or brass serveware, 45-degree angle, high-end editorial food styling, consistent single-shoot look"
Burger,Zinger Burger,170.00,Veg,images/dishes/zinger-burger.jpg,"Zinger Burger, stacked burger on a dark board, melted cheese dripping, sesame bun, side of fries blurred in background, professional restaurant food photography, warm cinematic lighting, dark charcoal-black moody backdrop, shallow depth of field, subtle gold and deep red accent props in frame, steam or garnish detail for freshness, rustic dark ceramic or brass serveware, 45-degree angle, high-end editorial food styling, consistent single-shoot look"
Mandhi,Chicken Kuzhimandi Full,690.00,Non-Veg,images/dishes/chicken-kuzhimandi-full.jpg,"Chicken Kuzhimandi, whole mandi platter with rice and meat on a large brass tray, garnished with nuts and raisins, steam rising, professional restaurant food photography, warm cinematic lighting, dark charcoal-black moody backdrop, shallow depth of field, subtle gold and deep red accent props in frame, steam or garnish detail for freshness, rustic dark ceramic or brass serveware, 45-degree angle, high-end editorial food styling, consistent single-shoot look"
Mandhi,Chicken Kuzhimandi Half,390.00,Non-Veg,images/dishes/chicken-kuzhimandi-half.jpg,"Chicken Kuzhimandi, whole mandi platter with rice and meat on a large brass tray, garnished with nuts and raisins, steam rising, professional restaurant food photography, warm cinematic lighting, dark charcoal-black moody backdrop, shallow depth of field, subtle gold and deep red accent props in frame, steam or garnish detail for freshness, rustic dark ceramic or brass serveware, 45-degree angle, high-end editorial food styling, consistent single-shoot look"
Mandhi,Chicken Kuzhimandi Qtr,220.00,Non-Veg,images/dishes/chicken-kuzhimandi-qtr.jpg,"Chicken Kuzhimandi, whole mandi platter with rice and meat on a large brass tray, garnished with nuts and raisins, steam rising, professional restaurant food photography, warm cinematic lighting, dark charcoal-black moody backdrop, shallow depth of field, subtle gold and deep red accent props in frame, steam or garnish detail for freshness, rustic dark ceramic or brass serveware, 45-degree angle, high-end editorial food styling, consistent single-shoot look"
Mandhi,Alfaham Mandi Full,810.00,Non-Veg,images/dishes/alfaham-mandi-full.jpg,"Alfaham Mandi, whole mandi platter with rice and meat on a large brass tray, garnished with nuts and raisins, steam rising, professional restaurant food photography, warm cinematic lighting, dark charcoal-black moody backdrop, shallow depth of field, subtle gold and deep red accent props in frame, steam or garnish detail for freshness, rustic dark ceramic or brass serveware, 45-degree angle, high-end editorial food styling, consistent single-shoot look"
Mandhi,Alfaham Mandi Half,440.00,Non-Veg,images/dishes/alfaham-mandi-half.jpg,"Alfaham Mandi, whole mandi platter with rice and meat on a large brass tray, garnished with nuts and raisins, steam rising, professional restaurant food photography, warm cinematic lighting, dark charcoal-black moody backdrop, shallow depth of field, subtle gold and deep red accent props in frame, steam or garnish detail for freshness, rustic dark ceramic or brass serveware, 45-degree angle, high-end editorial food styling, consistent single-shoot look"
Mandhi,Alfaham Mandi Qtr,220.00,Non-Veg,images/dishes/alfaham-mandi-qtr.jpg,"Alfaham Mandi, whole mandi platter with rice and meat on a large brass tray, garnished with nuts and raisins, steam rising, professional restaurant food photography, warm cinematic lighting, dark charcoal-black moody backdrop, shallow depth of field, subtle gold and deep red accent props in frame, steam or garnish detail for freshness, rustic dark ceramic or brass serveware, 45-degree angle, high-end editorial food styling, consistent single-shoot look"
Mandhi,Peri Peri Alfaham Mandi Full,840.00,Non-Veg,images/dishes/peri-peri-alfaham-mandi-full.jpg,"Peri Peri Alfaham Mandi, whole mandi platter with rice and meat on a large brass tray, garnished with nuts and raisins, steam rising, professional restaurant food photography, warm cinematic lighting, dark charcoal-black moody backdrop, shallow depth of field, subtle gold and deep red accent props in frame, steam or garnish detail for freshness, rustic dark ceramic or brass serveware, 45-degree angle, high-end editorial food styling, consistent single-shoot look"
Mandhi,Peri Peri Alfaham Mandi Half,420.00,Non-Veg,images/dishes/peri-peri-alfaham-mandi-half.jpg,"Peri Peri Alfaham Mandi, whole mandi platter with rice and meat on a large brass tray, garnished with nuts and raisins, steam rising, professional restaurant food photography, warm cinematic lighting, dark charcoal-black moody backdrop, shallow depth of field, subtle gold and deep red accent props in frame, steam or garnish detail for freshness, rustic dark ceramic or brass serveware, 45-degree angle, high-end editorial food styling, consistent single-shoot look"
Mandhi,Peri Peri Alfaham Mandi Qtr,220.00,Non-Veg,images/dishes/peri-peri-alfaham-mandi-qtr.jpg,"Peri Peri Alfaham Mandi, whole mandi platter with rice and meat on a large brass tray, garnished with nuts and raisins, steam rising, professional restaurant food photography, warm cinematic lighting, dark charcoal-black moody backdrop, shallow depth of field, subtle gold and deep red accent props in frame, steam or garnish detail for freshness, rustic dark ceramic or brass serveware, 45-degree angle, high-end editorial food styling, consistent single-shoot look"
Mandhi,Honey Chilli Alfaham Mandi Full,860.00,Non-Veg,images/dishes/honey-chilli-alfaham-mandi-full.jpg,"Honey Chilli Alfaham Mandi, whole mandi platter with rice and meat on a large brass tray, garnished with nuts and raisins, steam rising, professional restaurant food photography, warm cinematic lighting, dark charcoal-black moody backdrop, shallow depth of field, subtle gold and deep red accent props in frame, steam or garnish detail for freshness, rustic dark ceramic or brass serveware, 45-degree angle, high-end editorial food styling, consistent single-shoot look"
Mandhi,Honey Chilli Alfaham Mandi Half,440.00,Non-Veg,images/dishes/honey-chilli-alfaham-mandi-half.jpg,"Honey Chilli Alfaham Mandi, whole mandi platter with rice and meat on a large brass tray, garnished with nuts and raisins, steam rising, professional restaurant food photography, warm cinematic lighting, dark charcoal-black moody backdrop, shallow depth of field, subtle gold and deep red accent props in frame, steam or garnish detail for freshness, rustic dark ceramic or brass serveware, 45-degree angle, high-end editorial food styling, consistent single-shoot look"
Mandhi,Honey Chilli Alfaham Mandi Qtr,230.00,Non-Veg,images/dishes/honey-chilli-alfaham-mandi-qtr.jpg,"Honey Chilli Alfaham Mandi, whole mandi platter with rice and meat on a large brass tray, garnished with nuts and raisins, steam rising, professional restaurant food photography, warm cinematic lighting, dark charcoal-black moody backdrop, shallow depth of field, subtle gold and deep red accent props in frame, steam or garnish detail for freshness, rustic dark ceramic or brass serveware, 45-degree angle, high-end editorial food styling, consistent single-shoot look"
Mandhi,Pepper Alfaham Mandi Full,870.00,Non-Veg,images/dishes/pepper-alfaham-mandi-full.jpg,"Pepper Alfaham Mandi, whole mandi platter with rice and meat on a large brass tray, garnished with nuts and raisins, steam rising, professional restaurant food photography, warm cinematic lighting, dark charcoal-black moody backdrop, shallow depth of field, subtle gold and deep red accent props in frame, steam or garnish detail for freshness, rustic dark ceramic or brass serveware, 45-degree angle, high-end editorial food styling, consistent single-shoot look"
Mandhi,Pepper Alfaham Mandi Half,450.00,Non-Veg,images/dishes/pepper-alfaham-mandi-half.jpg,"Pepper Alfaham Mandi, whole mandi platter with rice and meat on a large brass tray, garnished with nuts and raisins, steam rising, professional restaurant food photography, warm cinematic lighting, dark charcoal-black moody backdrop, shallow depth of field, subtle gold and deep red accent props in frame, steam or garnish detail for freshness, rustic dark ceramic or brass serveware, 45-degree angle, high-end editorial food styling, consistent single-shoot look"
Mandhi,Pepper Alfaham Mandi Qtr,240.00,Non-Veg,images/dishes/pepper-alfaham-mandi-qtr.jpg,"Pepper Alfaham Mandi, whole mandi platter with rice and meat on a large brass tray, garnished with nuts and raisins, steam rising, professional restaurant food photography, warm cinematic lighting, dark charcoal-black moody backdrop, shallow depth of field, subtle gold and deep red accent props in frame, steam or garnish detail for freshness, rustic dark ceramic or brass serveware, 45-degree angle, high-end editorial food styling, consistent single-shoot look"
Mandhi,Kanthari Alfaham Mandi Full,880.00,Non-Veg,images/dishes/kanthari-alfaham-mandi-full.jpg,"Kanthari Alfaham Mandi, whole mandi platter with rice and meat on a large brass tray, garnished with nuts and raisins, steam rising, professional restaurant food photography, warm cinematic lighting, dark charcoal-black moody backdrop, shallow depth of field, subtle gold and deep red accent props in frame, steam or garnish detail for freshness, rustic dark ceramic or brass serveware, 45-degree angle, high-end editorial food styling, consistent single-shoot look"
Mandhi,Kanthari Alfaham Mandi Half,460.00,Non-Veg,images/dishes/kanthari-alfaham-mandi-half.jpg,"Kanthari Alfaham Mandi, whole mandi platter with rice and meat on a large brass tray, garnished with nuts and raisins, steam rising, professional restaurant food photography, warm cinematic lighting, dark charcoal-black moody backdrop, shallow depth of field, subtle gold and deep red accent props in frame, steam or garnish detail for freshness, rustic dark ceramic or brass serveware, 45-degree angle, high-end editorial food styling, consistent single-shoot look"
Mandhi,Kanthari Alfaham Mandi Qtr,250.00,Non-Veg,images/dishes/kanthari-alfaham-mandi-qtr.jpg,"Kanthari Alfaham Mandi, whole mandi platter with rice and meat on a large brass tray, garnished with nuts and raisins, steam rising, professional restaurant food photography, warm cinematic lighting, dark charcoal-black moody backdrop, shallow depth of field, subtle gold and deep red accent props in frame, steam or garnish detail for freshness, rustic dark ceramic or brass serveware, 45-degree angle, high-end editorial food styling, consistent single-shoot look"
Mandhi,Red Chilli Alfaham Mandi Full,810.00,Non-Veg,images/dishes/red-chilli-alfaham-mandi-full.jpg,"Red Chilli Alfaham Mandi, whole mandi platter with rice and meat on a large brass tray, garnished with nuts and raisins, steam rising, professional restaurant food photography, warm cinematic lighting, dark charcoal-black moody backdrop, shallow depth of field, subtle gold and deep red accent props in frame, steam or garnish detail for freshness, rustic dark ceramic or brass serveware, 45-degree angle, high-end editorial food styling, consistent single-shoot look"
Mandhi,Red Chilli Alfaham Mandi Half,430.00,Non-Veg,images/dishes/red-chilli-alfaham-mandi-half.jpg,"Red Chilli Alfaham Mandi, whole mandi platter with rice and meat on a large brass tray, garnished with nuts and raisins, steam rising, professional restaurant food photography, warm cinematic lighting, dark charcoal-black moody backdrop, shallow depth of field, subtle gold and deep red accent props in frame, steam or garnish detail for freshness, rustic dark ceramic or brass serveware, 45-degree angle, high-end editorial food styling, consistent single-shoot look"
Mandhi,Red Chilli Alfaham Mandi Qtr,220.00,Non-Veg,images/dishes/red-chilli-alfaham-mandi-qtr.jpg,"Red Chilli Alfaham Mandi, whole mandi platter with rice and meat on a large brass tray, garnished with nuts and raisins, steam rising, professional restaurant food photography, warm cinematic lighting, dark charcoal-black moody backdrop, shallow depth of field, subtle gold and deep red accent props in frame, steam or garnish detail for freshness, rustic dark ceramic or brass serveware, 45-degree angle, high-end editorial food styling, consistent single-shoot look"
Mandhi,Shawai Mandi Full,690.00,Non-Veg,images/dishes/shawai-mandi-full.jpg,"Shawai Mandi, whole mandi platter with rice and meat on a large brass tray, garnished with nuts and raisins, steam rising, professional restaurant food photography, warm cinematic lighting, dark charcoal-black moody backdrop, shallow depth of field, subtle gold and deep red accent props in frame, steam or garnish detail for freshness, rustic dark ceramic or brass serveware, 45-degree angle, high-end editorial food styling, consistent single-shoot look"
Mandhi,Shawai Mandi Half,390.00,Non-Veg,images/dishes/shawai-mandi-half.jpg,"Shawai Mandi, whole mandi platter with rice and meat on a large brass tray, garnished with nuts and raisins, steam rising, professional restaurant food photography, warm cinematic lighting, dark charcoal-black moody backdrop, shallow depth of field, subtle gold and deep red accent props in frame, steam or garnish detail for freshness, rustic dark ceramic or brass serveware, 45-degree angle, high-end editorial food styling, consistent single-shoot look"
Mandhi,Shawai Mandi Qtr,200.00,Non-Veg,images/dishes/shawai-mandi-qtr.jpg,"Shawai Mandi, whole mandi platter with rice and meat on a large brass tray, garnished with nuts and raisins, steam rising, professional restaurant food photography, warm cinematic lighting, dark charcoal-black moody backdrop, shallow depth of field, subtle gold and deep red accent props in frame, steam or garnish detail for freshness, rustic dark ceramic or brass serveware, 45-degree angle, high-end editorial food styling, consistent single-shoot look"
Mandhi,Masala Shawai Mandi Full,720.00,Non-Veg,images/dishes/masala-shawai-mandi-full.jpg,"Masala Shawai Mandi, whole mandi platter with rice and meat on a large brass tray, garnished with nuts and raisins, steam rising, professional restaurant food photography, warm cinematic lighting, dark charcoal-black moody backdrop, shallow depth of field, subtle gold and deep red accent props in frame, steam or garnish detail for freshness, rustic dark ceramic or brass serveware, 45-degree angle, high-end editorial food styling, consistent single-shoot look"
Mandhi,Masala Shawai Mandi Half,420.00,Non-Veg,images/dishes/masala-shawai-mandi-half.jpg,"Masala Shawai Mandi, whole mandi platter with rice and meat on a large brass tray, garnished with nuts and raisins, steam rising, professional restaurant food photography, warm cinematic lighting, dark charcoal-black moody backdrop, shallow depth of field, subtle gold and deep red accent props in frame, steam or garnish detail for freshness, rustic dark ceramic or brass serveware, 45-degree angle, high-end editorial food styling, consistent single-shoot look"
Mandhi,Masala Shawai Mandi Qtr,220.00,Non-Veg,images/dishes/masala-shawai-mandi-qtr.jpg,"Masala Shawai Mandi, whole mandi platter with rice and meat on a large brass tray, garnished with nuts and raisins, steam rising, professional restaurant food photography, warm cinematic lighting, dark charcoal-black moody backdrop, shallow depth of field, subtle gold and deep red accent props in frame, steam or garnish detail for freshness, rustic dark ceramic or brass serveware, 45-degree angle, high-end editorial food styling, consistent single-shoot look"
Mandhi,Beef Rib Mandi Qtr,390.00,Non-Veg,images/dishes/beef-rib-mandi-qtr.jpg,"Beef Rib Mandi, whole mandi platter with rice and meat on a large brass tray, garnished with nuts and raisins, steam rising, professional restaurant food photography, warm cinematic lighting, dark charcoal-black moody backdrop, shallow depth of field, subtle gold and deep red accent props in frame, steam or garnish detail for freshness, rustic dark ceramic or brass serveware, 45-degree angle, high-end editorial food styling, consistent single-shoot look"
Mandhi,Beef Steak Mandi,420.00,Non-Veg,images/dishes/beef-steak-mandi.jpg,"Beef Steak Mandi, whole mandi platter with rice and meat on a large brass tray, garnished with nuts and raisins, steam rising, professional restaurant food photography, warm cinematic lighting, dark charcoal-black moody backdrop, shallow depth of field, subtle gold and deep red accent props in frame, steam or garnish detail for freshness, rustic dark ceramic or brass serveware, 45-degree angle, high-end editorial food styling, consistent single-shoot look"
Mandhi,Mutton Mandi Half,790.00,Non-Veg,images/dishes/mutton-mandi-half.jpg,"Mutton Mandi, whole mandi platter with rice and meat on a large brass tray, garnished with nuts and raisins, steam rising, professional restaurant food photography, warm cinematic lighting, dark charcoal-black moody backdrop, shallow depth of field, subtle gold and deep red accent props in frame, steam or garnish detail for freshness, rustic dark ceramic or brass serveware, 45-degree angle, high-end editorial food styling, consistent single-shoot look"
Mandhi,Mutton Mandi Full,1490.00,Non-Veg,images/dishes/mutton-mandi-full.jpg,"Mutton Mandi, whole mandi platter with rice and meat on a large brass tray, garnished with nuts and raisins, steam rising, professional restaurant food photography, warm cinematic lighting, dark charcoal-black moody backdrop, shallow depth of field, subtle gold and deep red accent props in frame, steam or garnish detail for freshness, rustic dark ceramic or brass serveware, 45-degree angle, high-end editorial food styling, consistent single-shoot look"
Mandhi,Fish Mandi,As per size,Non-Veg,images/dishes/fish-mandi.jpg,"Fish Mandi, whole mandi platter with rice and meat on a large brass tray, garnished with nuts and raisins, steam rising, professional restaurant food photography, warm cinematic lighting, dark charcoal-black moody backdrop, shallow depth of field, subtle gold and deep red accent props in frame, steam or garnish detail for freshness, rustic dark ceramic or brass serveware, 45-degree angle, high-end editorial food styling, consistent single-shoot look"
Mandhi,Mandi Rice Qtr,110.00,Non-Veg,images/dishes/mandi-rice-qtr.jpg,"Mandi Rice, whole mandi platter with rice and meat on a large brass tray, garnished with nuts and raisins, steam rising, professional restaurant food photography, warm cinematic lighting, dark charcoal-black moody backdrop, shallow depth of field, subtle gold and deep red accent props in frame, steam or garnish detail for freshness, rustic dark ceramic or brass serveware, 45-degree angle, high-end editorial food styling, consistent single-shoot look"
Mandhi,Mandi Rice Half,190.00,Non-Veg,images/dishes/mandi-rice-half.jpg,"Mandi Rice, whole mandi platter with rice and meat on a large brass tray, garnished with nuts and raisins, steam rising, professional restaurant food photography, warm cinematic lighting, dark charcoal-black moody backdrop, shallow depth of field, subtle gold and deep red accent props in frame, steam or garnish detail for freshness, rustic dark ceramic or brass serveware, 45-degree angle, high-end editorial food styling, consistent single-shoot look"
Mandhi,Mandi Rice Full,350.00,Non-Veg,images/dishes/mandi-rice-full.jpg,"Mandi Rice, whole mandi platter with rice and meat on a large brass tray, garnished with nuts and raisins, steam rising, professional restaurant food photography, warm cinematic lighting, dark charcoal-black moody backdrop, shallow depth of field, subtle gold and deep red accent props in frame, steam or garnish detail for freshness, rustic dark ceramic or brass serveware, 45-degree angle, high-end editorial food styling, consistent single-shoot look"
